case_title,case_id,transaction_idhmcts,venue,jurisdiction,service,case_type,hearing_type,priority,status,ticket_type,waiting_time,reason,duration,hearing_channel,private_hearing,listing_team
PERF1500,PERF-1500,PERF1500,Manchester,FAM,CFT,THEFT,Civil,High,FAM,FAM,55,FAM,30,Online Streaming,TRUE,Team A
PERF1501,PERF-1501,PERF1501,Manchester,FAM,CFT,THEFT,Civil,High,FAM,FAM,55,FAM,30,Online Streaming,TRUE,Team A
PERF1502,PERF-1502,PERF1502,Manchester,FAM,CFT,THEFT,Civil,High,FAM,FAM,55,FAM,30,Online Streaming,TRUE,Team A
PERF1503,PERF-1503,PERF1503,Manchester,FAM,CFT,THEFT,Civil,High,FAM,FAM,55,FAM,30,Online Streaming,TRUE,Team A
PERF1504,PERF-1504,PERF1504,Manchester,FAM,CFT,THEFT,Civil,High,FAM,FAM,55,FAM,30,Online Streaming,TRUE,Team A
PERF1505,PERF-1505,PERF1505,Manchester,FAM,CFT,THEFT,Civil,High,FAM,FAM,55,FAM,30,Online Streaming,TRUE,Team A
PERF1506,PERF-1506,PERF1506,Manchester,FAM,CFT,THEFT,Civil,High,FAM,FAM,55,FAM,30,Online Streaming,TRUE,Team A
PERF1507,PERF-1507,PERF1507,Manchester,FAM,CFT,THEFT,Civil,High,FAM,FAM,55,FAM,30,Online Streaming,TRUE,Team A
PERF1508,PERF-1508,PERF1508,Manchester,FAM,CFT,THEFT,Civil,High,FAM,FAM,55,FAM,30,Online Streaming,TRUE,Team A
PERF1509,PERF-1509,PERF1509,Manchester,FAM,CFT,THEFT,Civil,High,FAM,FAM,55,FAM,30,Online Streaming,TRUE,Team A
PERF1510,PERF-1510,PERF1510,Manchester,FAM,CFT,THEFT,Civil,High,FAM,FAM,55,FAM,30,Online Streaming,TRUE,Team A
PERF1511,PERF-1511,PERF1511,Manchester,FAM,CFT,THEFT,Civil,High,FAM,FAM,55,FAM,30,Online Streaming,TRUE,Team A
PERF1512,PERF-1512,PERF1512,Manchester,FAM,CFT,THEFT,Civil,High,FAM,FAM,55,FAM,30,Online Streaming,TRUE,Team A
PERF1513,PERF-1513,PERF1513,Manchester,FAM,CFT,THEFT,Civil,High,FAM,FAM,55,FAM,30,Online Streaming,TRUE,Team A
PERF1514,PERF-1514,PERF1514,Manchester,FAM,CFT,THEFT,Civil,High,FAM,FAM,55,FAM,30,Online Streaming,TRUE,Team A
PERF1515,PERF-1515,PERF1515,Manchester,FAM,CFT,THEFT,Civil,High,FAM,FAM,55,FAM,30,Online Streaming,TRUE,Team A
PERF1516,PERF-1516,PERF1516,Manchester,FAM,CFT,THEFT,Civil,High,FAM,FAM,55,FAM,30,Online Streaming,TRUE,Team A
PERF1517,PERF-1517,PERF1517,Manchester,FAM,CFT,THEFT,Civil,High,FAM,FAM,55,FAM,30,Online Streaming,TRUE,Team A
PERF1518,PERF-1518,PERF1518,Manchester,FAM,CFT,THEFT,Civil,High,FAM,FAM,55,FAM,30,Online Streaming,TRUE,Team A
PERF1519,PERF-1519,PERF1519,Manchester,FAM,CFT,THEFT,Civil,High,FAM,FAM,55,FAM,30,Online Streaming,TRUE,Team A
PERF1520,PERF-1520,PERF1520,Manchester,FAM,CFT,THEFT,Civil,High,FAM,FAM,55,FAM,30,Online Streaming,TRUE,Team A
PERF1521,PERF-1521,PERF1521,Manchester,FAM,CFT,THEFT,Civil,High,FAM,FAM,55,FAM,30,Online Streaming,TRUE,Team A
PERF1522,PERF-1522,PERF1522,Manchester,FAM,CFT,THEFT,Civil,High,FAM,FAM,55,FAM,30,Online Streaming,TRUE,Team A
PERF1523,PERF-1523,PERF1523,Manchester,FAM,CFT,THEFT,Civil,High,FAM,FAM,55,FAM,30,Online Streaming,TRUE,Team A
PERF1524,PERF-1524,PERF1524,Manchester,FAM,CFT,THEFT,Civil,High,FAM,FAM,55,FAM,30,Online Streaming,TRUE,Team A
PERF1525,PERF-1525,PERF1525,Manchester,FAM,CFT,THEFT,Civil,High,FAM,FAM,55,FAM,30,Online Streaming,TRUE,Team A
PERF1526,PERF-1526,PERF1526,Manchester,FAM,CFT,THEFT,Civil,High,FAM,FAM,55,FAM,30,Online Streaming,TRUE,Team A
PERF1527,PERF-1527,PERF1527,Manchester,FAM,CFT,THEFT,Civil,High,FAM,FAM,55,FAM,30,Online Streaming,TRUE,Team A
PERF1528,PERF-1528,PERF1528,Manchester,FAM,CFT,THEFT,Civil,High,FAM,FAM,55,FAM,30,Online Streaming,TRUE,Team A
PERF1529,PERF-1529,PERF1529,Manchester,FAM,CFT,THEFT,Civil,High,FAM,FAM,55,FAM,30,Online Streaming,TRUE,Team A
PERF1530,PERF-1530,PERF1530,Manchester,FAM,CFT,THEFT,Civil,High,FAM,FAM,55,FAM,30,Online Streaming,TRUE,Team A
PERF1531,PERF-1531,PERF1531,Manchester,FAM,CFT,THEFT,Civil,High,FAM,FAM,55,FAM,30,Online Streaming,TRUE,Team A
PERF1532,PERF-1532,PERF1532,Manchester,FAM,CFT,THEFT,Civil,High,FAM,FAM,55,FAM,30,Online Streaming,TRUE,Team A
PERF1533,PERF-1533,PERF1533,Manchester,FAM,CFT,THEFT,Civil,High,FAM,FAM,55,FAM,30,Online Streaming,TRUE,Team A
PERF1534,PERF-1534,PERF1534,Manchester,FAM,CFT,THEFT,Civil,High,FAM,FAM,55,FAM,30,Online Streaming,TRUE,Team A
PERF1535,PERF-1535,PERF1535,Manchester,FAM,CFT,THEFT,Civil,High,FAM,FAM,55,FAM,30,Online Streaming,TRUE,Team A
PERF1536,PERF-1536,PERF1536,Manchester,FAM,CFT,THEFT,Civil,High,FAM,FAM,55,FAM,30,Online Streaming,TRUE,Team A
PERF1537,PERF-1537,PERF1537,Manchester,FAM,CFT,THEFT,Civil,High,FAM,FAM,55,FAM,30,Online Streaming,TRUE,Team A
PERF1538,PERF-1538,PERF1538,Manchester,FAM,CFT,THEFT,Civil,High,FAM,FAM,55,FAM,30,Online Streaming,TRUE,Team A
PERF1539,PERF-1539,PERF1539,Manchester,FAM,CFT,THEFT,Civil,High,FAM,FAM,55,FAM,30,Online Streaming,TRUE,Team A
PERF1540,PERF-1540,PERF1540,Manchester,FAM,CFT,THEFT,Civil,High,FAM,FAM,55,FAM,30,Online Streaming,TRUE,Team A
PERF1541,PERF-1541,PERF1541,Manchester,FAM,CFT,THEFT,Civil,High,FAM,FAM,55,FAM,30,Online Streaming,TRUE,Team A
PERF1542,PERF-1542,PERF1542,Manchester,FAM,CFT,THEFT,Civil,High,FAM,FAM,55,FAM,30,Online Streaming,TRUE,Team A
PERF1543,PERF-1543,PERF1543,Manchester,FAM,CFT,THEFT,Civil,High,FAM,FAM,55,FAM,30,Online Streaming,TRUE,Team A
PERF1544,PERF-1544,PERF1544,Manchester,FAM,CFT,THEFT,Civil,High,FAM,FAM,55,FAM,30,Online Streaming,TRUE,Team A
PERF1545,PERF-1545,PERF1545,Manchester,FAM,CFT,THEFT,Civil,High,FAM,FAM,55,FAM,30,Online Streaming,TRUE,Team A
PERF1546,PERF-1546,PERF1546,Manchester,FAM,CFT,THEFT,Civil,High,FAM,FAM,55,FAM,30,Online Streaming,TRUE,Team A
PERF1547,PERF-1547,PERF1547,Manchester,FAM,CFT,THEFT,Civil,High,FAM,FAM,55,FAM,30,Online Streaming,TRUE,Team A
PERF1548,PERF-1548,PERF1548,Manchester,FAM,CFT,THEFT,Civil,High,FAM,FAM,55,FAM,30,Online Streaming,TRUE,Team A
PERF1549,PERF-1549,PERF1549,Manchester,FAM,CFT,THEFT,Civil,High,FAM,FAM,55,FAM,30,Online Streaming,TRUE,Team A
PERF1550,PERF-1550,PERF1550,Manchester,FAM,CFT,THEFT,Civil,High,FAM,FAM,55,FAM,30,Online Streaming,TRUE,Team A
PERF1551,PERF-1551,PERF1551,Manchester,FAM,CFT,THEFT,Civil,High,FAM,FAM,55,FAM,30,Online Streaming,TRUE,Team A
PERF1552,PERF-1552,PERF1552,Manchester,FAM,CFT,THEFT,Civil,High,FAM,FAM,55,FAM,30,Online Streaming,TRUE,Team A
PERF1553,PERF-1553,PERF1553,Manchester,FAM,CFT,THEFT,Civil,High,FAM,FAM,55,FAM,30,Online Streaming,TRUE,Team A
PERF1554,PERF-1554,PERF1554,Manchester,FAM,CFT,THEFT,Civil,High,FAM,FAM,55,FAM,30,Online Streaming,TRUE,Team A
PERF1555,PERF-1555,PERF1555,Manchester,FAM,CFT,THEFT,Civil,High,FAM,FAM,55,FAM,30,Online Streaming,TRUE,Team A
PERF1556,PERF-1556,PERF1556,Manchester,FAM,CFT,THEFT,Civil,High,FAM,FAM,55,FAM,30,Online Streaming,TRUE,Team A
PERF1557,PERF-1557,PERF1557,Manchester,FAM,CFT,THEFT,Civil,High,FAM,FAM,55,FAM,30,Online Streaming,TRUE,Team A
PERF1558,PERF-1558,PERF1558,Manchester,FAM,CFT,THEFT,Civil,High,FAM,FAM,55,FAM,30,Online Streaming,TRUE,Team A
PERF1559,PERF-1559,PERF1559,Manchester,FAM,CFT,THEFT,Civil,High,FAM,FAM,55,FAM,30,Online Streaming,TRUE,Team A
PERF1560,PERF-1560,PERF1560,Manchester,FAM,CFT,THEFT,Civil,High,FAM,FAM,55,FAM,30,Online Streaming,TRUE,Team A
PERF1561,PERF-1561,PERF1561,Manchester,FAM,CFT,THEFT,Civil,High,FAM,FAM,55,FAM,30,Online Streaming,TRUE,Team A
PERF1562,PERF-1562,PERF1562,Manchester,FAM,CFT,THEFT,Civil,High,FAM,FAM,55,FAM,30,Online Streaming,TRUE,Team A
PERF1563,PERF-1563,PERF1563,Manchester,FAM,CFT,THEFT,Civil,High,FAM,FAM,55,FAM,30,Online Streaming,TRUE,Team A
PERF1564,PERF-1564,PERF1564,Manchester,FAM,CFT,THEFT,Civil,High,FAM,FAM,55,FAM,30,Online Streaming,TRUE,Team A
PERF1565,PERF-1565,PERF1565,Manchester,FAM,CFT,THEFT,Civil,High,FAM,FAM,55,FAM,30,Online Streaming,TRUE,Team A
PERF1566,PERF-1566,PERF1566,Manchester,FAM,CFT,THEFT,Civil,High,FAM,FAM,55,FAM,30,Online Streaming,TRUE,Team A
PERF1567,PERF-1567,PERF1567,Manchester,FAM,CFT,THEFT,Civil,High,FAM,FAM,55,FAM,30,Online Streaming,TRUE,Team A
PERF1568,PERF-1568,PERF1568,Manchester,FAM,CFT,THEFT,Civil,High,FAM,FAM,55,FAM,30,Online Streaming,TRUE,Team A
PERF1569,PERF-1569,PERF1569,Manchester,FAM,CFT,THEFT,Civil,High,FAM,FAM,55,FAM,30,Online Streaming,TRUE,Team A
PERF1570,PERF-1570,PERF1570,Manchester,FAM,CFT,THEFT,Civil,High,FAM,FAM,55,FAM,30,Online Streaming,TRUE,Team A
PERF1571,PERF-1571,PERF1571,Manchester,FAM,CFT,THEFT,Civil,High,FAM,FAM,55,FAM,30,Online Streaming,TRUE,Team A
PERF1572,PERF-1572,PERF1572,Manchester,FAM,CFT,THEFT,Civil,High,FAM,FAM,55,FAM,30,Online Streaming,TRUE,Team A
PERF1573,PERF-1573,PERF1573,Manchester,FAM,CFT,THEFT,Civil,High,FAM,FAM,55,FAM,30,Online Streaming,TRUE,Team A
PERF1574,PERF-1574,PERF1574,Manchester,FAM,CFT,THEFT,Civil,High,FAM,FAM,55,FAM,30,Online Streaming,TRUE,Team A
PERF1575,PERF-1575,PERF1575,Manchester,FAM,CFT,THEFT,Civil,High,FAM,FAM,55,FAM,30,Online Streaming,TRUE,Team A
PERF1576,PERF-1576,PERF1576,Manchester,FAM,CFT,THEFT,Civil,High,FAM,FAM,55,FAM,30,Online Streaming,TRUE,Team A
PERF1577,PERF-1577,PERF1577,Manchester,FAM,CFT,THEFT,Civil,High,FAM,FAM,55,FAM,30,Online Streaming,TRUE,Team A
PERF1578,PERF-1578,PERF1578,Manchester,FAM,CFT,THEFT,Civil,High,FAM,FAM,55,FAM,30,Online Streaming,TRUE,Team A
PERF1579,PERF-1579,PERF1579,Manchester,FAM,CFT,THEFT,Civil,High,FAM,FAM,55,FAM,30,Online Streaming,TRUE,Team A
PERF1580,PERF-1580,PERF1580,Manchester,FAM,CFT,THEFT,Civil,High,FAM,FAM,55,FAM,30,Online Streaming,TRUE,Team A
PERF1581,PERF-1581,PERF1581,Manchester,FAM,CFT,THEFT,Civil,High,FAM,FAM,55,FAM,30,Online Streaming,TRUE,Team A
PERF1582,PERF-1582,PERF1582,Manchester,FAM,CFT,THEFT,Civil,High,FAM,FAM,55,FAM,30,Online Streaming,TRUE,Team A
PERF1583,PERF-1583,PERF1583,Manchester,FAM,CFT,THEFT,Civil,High,FAM,FAM,55,FAM,30,Online Streaming,TRUE,Team A
PERF1584,PERF-1584,PERF1584,Manchester,FAM,CFT,THEFT,Civil,High,FAM,FAM,55,FAM,30,Online Streaming,TRUE,Team A
PERF1585,PERF-1585,PERF1585,Manchester,FAM,CFT,THEFT,Civil,High,FAM,FAM,55,FAM,30,Online Streaming,TRUE,Team A
PERF1586,PERF-1586,PERF1586,Manchester,FAM,CFT,THEFT,Civil,High,FAM,FAM,55,FAM,30,Online Streaming,TRUE,Team A
PERF1587,PERF-1587,PERF1587,Manchester,FAM,CFT,THEFT,Civil,High,FAM,FAM,55,FAM,30,Online Streaming,TRUE,Team A
PERF1588,PERF-1588,PERF1588,Manchester,FAM,CFT,THEFT,Civil,High,FAM,FAM,55,FAM,30,Online Streaming,TRUE,Team A
PERF1589,PERF-1589,PERF1589,Manchester,FAM,CFT,THEFT,Civil,High,FAM,FAM,55,FAM,30,Online Streaming,TRUE,Team A
PERF1590,PERF-1590,PERF1590,Manchester,FAM,CFT,THEFT,Civil,High,FAM,FAM,55,FAM,30,Online Streaming,TRUE,Team A
PERF1591,PERF-1591,PERF1591,Manchester,FAM,CFT,THEFT,Civil,High,FAM,FAM,55,FAM,30,Online Streaming,TRUE,Team A
PERF1592,PERF-1592,PERF1592,Manchester,FAM,CFT,THEFT,Civil,High,FAM,FAM,55,FAM,30,Online Streaming,TRUE,Team A
PERF1593,PERF-1593,PERF1593,Manchester,FAM,CFT,THEFT,Civil,High,FAM,FAM,55,FAM,30,Online Streaming,TRUE,Team A
PERF1594,PERF-1594,PERF1594,Manchester,FAM,CFT,THEFT,Civil,High,FAM,FAM,55,FAM,30,Online Streaming,TRUE,Team A
PERF1595,PERF-1595,PERF1595,Manchester,FAM,CFT,THEFT,Civil,High,FAM,FAM,55,FAM,30,Online Streaming,TRUE,Team A
PERF1596,PERF-1596,PERF1596,Manchester,FAM,CFT,THEFT,Civil,High,FAM,FAM,55,FAM,30,Online Streaming,TRUE,Team A
PERF1597,PERF-1597,PERF1597,Manchester,FAM,CFT,THEFT,Civil,High,FAM,FAM,55,FAM,30,Online Streaming,TRUE,Team A
PERF1598,PERF-1598,PERF1598,Manchester,FAM,CFT,THEFT,Civil,High,FAM,FAM,55,FAM,30,Online Streaming,TRUE,Team A
PERF1599,PERF-1599,PERF1599,Manchester,FAM,CFT,THEFT,Civil,High,FAM,FAM,55,FAM,30,Online Streaming,TRUE,Team A
PERF1600,PERF-1600,PERF1600,Manchester,FAM,CFT,THEFT,Civil,High,FAM,FAM,55,FAM,30,Online Streaming,TRUE,Team A
PERF1601,PERF-1601,PERF1601,Manchester,FAM,CFT,THEFT,Civil,High,FAM,FAM,55,FAM,30,Online Streaming,TRUE,Team A
PERF1602,PERF-1602,PERF1602,Manchester,FAM,CFT,THEFT,Civil,High,FAM,FAM,55,FAM,30,Online Streaming,TRUE,Team A
PERF1603,PERF-1603,PERF1603,Manchester,FAM,CFT,THEFT,Civil,High,FAM,FAM,55,FAM,30,Online Streaming,TRUE,Team A
PERF1604,PERF-1604,PERF1604,Manchester,FAM,CFT,THEFT,Civil,High,FAM,FAM,55,FAM,30,Online Streaming,TRUE,Team A
PERF1605,PERF-1605,PERF1605,Manchester,FAM,CFT,THEFT,Civil,High,FAM,FAM,55,FAM,30,Online Streaming,TRUE,Team A
PERF1606,PERF-1606,PERF1606,Manchester,FAM,CFT,THEFT,Civil,High,FAM,FAM,55,FAM,30,Online Streaming,TRUE,Team A
PERF1607,PERF-1607,PERF1607,Manchester,FAM,CFT,THEFT,Civil,High,FAM,FAM,55,FAM,30,Online Streaming,TRUE,Team A
PERF1608,PERF-1608,PERF1608,Manchester,FAM,CFT,THEFT,Civil,High,FAM,FAM,55,FAM,30,Online Streaming,TRUE,Team A
PERF1609,PERF-1609,PERF1609,Manchester,FAM,CFT,THEFT,Civil,High,FAM,FAM,55,FAM,30,Online Streaming,TRUE,Team A
PERF1610,PERF-1610,PERF1610,Manchester,FAM,CFT,THEFT,Civil,High,FAM,FAM,55,FAM,30,Online Streaming,TRUE,Team A
PERF1611,PERF-1611,PERF1611,Manchester,FAM,CFT,THEFT,Civil,High,FAM,FAM,55,FAM,30,Online Streaming,TRUE,Team A
PERF1612,PERF-1612,PERF1612,Manchester,FAM,CFT,THEFT,Civil,High,FAM,FAM,55,FAM,30,Online Streaming,TRUE,Team A
PERF1613,PERF-1613,PERF1613,Manchester,FAM,CFT,THEFT,Civil,High,FAM,FAM,55,FAM,30,Online Streaming,TRUE,Team A
PERF1614,PERF-1614,PERF1614,Manchester,FAM,CFT,THEFT,Civil,High,FAM,FAM,55,FAM,30,Online Streaming,TRUE,Team A
PERF1615,PERF-1615,PERF1615,Manchester,FAM,CFT,THEFT,Civil,High,FAM,FAM,55,FAM,30,Online Streaming,TRUE,Team A
PERF1616,PERF-1616,PERF1616,Manchester,FAM,CFT,THEFT,Civil,High,FAM,FAM,55,FAM,30,Online Streaming,TRUE,Team A
PERF1617,PERF-1617,PERF1617,Manchester,FAM,CFT,THEFT,Civil,High,FAM,FAM,55,FAM,30,Online Streaming,TRUE,Team A
PERF1618,PERF-1618,PERF1618,Manchester,FAM,CFT,THEFT,Civil,High,FAM,FAM,55,FAM,30,Online Streaming,TRUE,Team A
PERF1619,PERF-1619,PERF1619,Manchester,FAM,CFT,THEFT,Civil,High,FAM,FAM,55,FAM,30,Online Streaming,TRUE,Team A
PERF1620,PERF-1620,PERF1620,Manchester,FAM,CFT,THEFT,Civil,High,FAM,FAM,55,FAM,30,Online Streaming,TRUE,Team A
PERF1621,PERF-1621,PERF1621,Manchester,FAM,CFT,THEFT,Civil,High,FAM,FAM,55,FAM,30,Online Streaming,TRUE,Team A
PERF1622,PERF-1622,PERF1622,Manchester,FAM,CFT,THEFT,Civil,High,FAM,FAM,55,FAM,30,Online Streaming,TRUE,Team A
PERF1623,PERF-1623,PERF1623,Manchester,FAM,CFT,THEFT,Civil,High,FAM,FAM,55,FAM,30,Online Streaming,TRUE,Team A
PERF1624,PERF-1624,PERF1624,Manchester,FAM,CFT,THEFT,Civil,High,FAM,FAM,55,FAM,30,Online Streaming,TRUE,Team A
PERF1625,PERF-1625,PERF1625,Manchester,FAM,CFT,THEFT,Civil,High,FAM,FAM,55,FAM,30,Online Streaming,TRUE,Team A
PERF1626,PERF-1626,PERF1626,Manchester,FAM,CFT,THEFT,Civil,High,FAM,FAM,55,FAM,30,Online Streaming,TRUE,Team A
PERF1627,PERF-1627,PERF1627,Manchester,FAM,CFT,THEFT,Civil,High,FAM,FAM,55,FAM,30,Online Streaming,TRUE,Team A
PERF1628,PERF-1628,PERF1628,Manchester,FAM,CFT,THEFT,Civil,High,FAM,FAM,55,FAM,30,Online Streaming,TRUE,Team A
PERF1629,PERF-1629,PERF1629,Manchester,FAM,CFT,THEFT,Civil,High,FAM,FAM,55,FAM,30,Online Streaming,TRUE,Team A
PERF1630,PERF-1630,PERF1630,Manchester,FAM,CFT,THEFT,Civil,High,FAM,FAM,55,FAM,30,Online Streaming,TRUE,Team A
PERF1631,PERF-1631,PERF1631,Manchester,FAM,CFT,THEFT,Civil,High,FAM,FAM,55,FAM,30,Online Streaming,TRUE,Team A
PERF1632,PERF-1632,PERF1632,Manchester,FAM,CFT,THEFT,Civil,High,FAM,FAM,55,FAM,30,Online Streaming,TRUE,Team A
PERF1633,PERF-1633,PERF1633,Manchester,FAM,CFT,THEFT,Civil,High,FAM,FAM,55,FAM,30,Online Streaming,TRUE,Team A
PERF1634,PERF-1634,PERF1634,Manchester,FAM,CFT,THEFT,Civil,High,FAM,FAM,55,FAM,30,Online Streaming,TRUE,Team A
PERF1635,PERF-1635,PERF1635,Manchester,FAM,CFT,THEFT,Civil,High,FAM,FAM,55,FAM,30,Online Streaming,TRUE,Team A
PERF1636,PERF-1636,PERF1636,Manchester,FAM,CFT,THEFT,Civil,High,FAM,FAM,55,FAM,30,Online Streaming,TRUE,Team A
PERF1637,PERF-1637,PERF1637,Manchester,FAM,CFT,THEFT,Civil,High,FAM,FAM,55,FAM,30,Online Streaming,TRUE,Team A
PERF1638,PERF-1638,PERF1638,Manchester,FAM,CFT,THEFT,Civil,High,FAM,FAM,55,FAM,30,Online Streaming,TRUE,Team A
PERF1639,PERF-1639,PERF1639,Manchester,FAM,CFT,THEFT,Civil,High,FAM,FAM,55,FAM,30,Online Streaming,TRUE,Team A
PERF1640,PERF-1640,PERF1640,Manchester,FAM,CFT,THEFT,Civil,High,FAM,FAM,55,FAM,30,Online Streaming,TRUE,Team A
PERF1641,PERF-1641,PERF1641,Manchester,FAM,CFT,THEFT,Civil,High,FAM,FAM,55,FAM,30,Online Streaming,TRUE,Team A
PERF1642,PERF-1642,PERF1642,Manchester,FAM,CFT,THEFT,Civil,High,FAM,FAM,55,FAM,30,Online Streaming,TRUE,Team A
PERF1643,PERF-1643,PERF1643,Manchester,FAM,CFT,THEFT,Civil,High,FAM,FAM,55,FAM,30,Online Streaming,TRUE,Team A
PERF1644,PERF-1644,PERF1644,Manchester,FAM,CFT,THEFT,Civil,High,FAM,FAM,55,FAM,30,Online Streaming,TRUE,Team A
PERF1645,PERF-1645,PERF1645,Manchester,FAM,CFT,THEFT,Civil,High,FAM,FAM,55,FAM,30,Online Streaming,TRUE,Team A
PERF1646,PERF-1646,PERF1646,Manchester,FAM,CFT,THEFT,Civil,High,FAM,FAM,55,FAM,30,Online Streaming,TRUE,Team A
PERF1647,PERF-1647,PERF1647,Manchester,FAM,CFT,THEFT,Civil,High,FAM,FAM,55,FAM,30,Online Streaming,TRUE,Team A
PERF1648,PERF-1648,PERF1648,Manchester,FAM,CFT,THEFT,Civil,High,FAM,FAM,55,FAM,30,Online Streaming,TRUE,Team A
PERF1649,PERF-1649,PERF1649,Manchester,FAM,CFT,THEFT,Civil,High,FAM,FAM,55,FAM,30,Online Streaming,TRUE,Team A
PERF1650,PERF-1650,PERF1650,Manchester,FAM,CFT,THEFT,Civil,High,FAM,FAM,55,FAM,30,Online Streaming,TRUE,Team A
PERF1651,PERF-1651,PERF1651,Manchester,FAM,CFT,THEFT,Civil,High,FAM,FAM,55,FAM,30,Online Streaming,TRUE,Team A
PERF1652,PERF-1652,PERF1652,Manchester,FAM,CFT,THEFT,Civil,High,FAM,FAM,55,FAM,30,Online Streaming,TRUE,Team A
PERF1653,PERF-1653,PERF1653,Manchester,FAM,CFT,THEFT,Civil,High,FAM,FAM,55,FAM,30,Online Streaming,TRUE,Team A
PERF1654,PERF-1654,PERF1654,Manchester,FAM,CFT,THEFT,Civil,High,FAM,FAM,55,FAM,30,Online Streaming,TRUE,Team A
PERF1655,PERF-1655,PERF1655,Manchester,FAM,CFT,THEFT,Civil,High,FAM,FAM,55,FAM,30,Online Streaming,TRUE,Team A
PERF1656,PERF-1656,PERF1656,Manchester,FAM,CFT,THEFT,Civil,High,FAM,FAM,55,FAM,30,Online Streaming,TRUE,Team A
PERF1657,PERF-1657,PERF1657,Manchester,FAM,CFT,THEFT,Civil,High,FAM,FAM,55,FAM,30,Online Streaming,TRUE,Team A
PERF1658,PERF-1658,PERF1658,Manchester,FAM,CFT,THEFT,Civil,High,FAM,FAM,55,FAM,30,Online Streaming,TRUE,Team A
PERF1659,PERF-1659,PERF1659,Manchester,FAM,CFT,THEFT,Civil,High,FAM,FAM,55,FAM,30,Online Streaming,TRUE,Team A
PERF1660,PERF-1660,PERF1660,Manchester,FAM,CFT,THEFT,Civil,High,FAM,FAM,55,FAM,30,Online Streaming,TRUE,Team A
PERF1661,PERF-1661,PERF1661,Manchester,FAM,CFT,THEFT,Civil,High,FAM,FAM,55,FAM,30,Online Streaming,TRUE,Team A
PERF1662,PERF-1662,PERF1662,Manchester,FAM,CFT,THEFT,Civil,High,FAM,FAM,55,FAM,30,Online Streaming,TRUE,Team A
PERF1663,PERF-1663,PERF1663,Manchester,FAM,CFT,THEFT,Civil,High,FAM,FAM,55,FAM,30,Online Streaming,TRUE,Team A
PERF1664,PERF-1664,PERF1664,Manchester,FAM,CFT,THEFT,Civil,High,FAM,FAM,55,FAM,30,Online Streaming,TRUE,Team A
PERF1665,PERF-1665,PERF1665,Manchester,FAM,CFT,THEFT,Civil,High,FAM,FAM,55,FAM,30,Online Streaming,TRUE,Team A
PERF1666,PERF-1666,PERF1666,Manchester,FAM,CFT,THEFT,Civil,High,FAM,FAM,55,FAM,30,Online Streaming,TRUE,Team A
PERF1667,PERF-1667,PERF1667,Manchester,FAM,CFT,THEFT,Civil,High,FAM,FAM,55,FAM,30,Online Streaming,TRUE,Team A
PERF1668,PERF-1668,PERF1668,Manchester,FAM,CFT,THEFT,Civil,High,FAM,FAM,55,FAM,30,Online Streaming,TRUE,Team A
PERF1669,PERF-1669,PERF1669,Manchester,FAM,CFT,THEFT,Civil,High,FAM,FAM,55,FAM,30,Online Streaming,TRUE,Team A
PERF1670,PERF-1670,PERF1670,Manchester,FAM,CFT,THEFT,Civil,High,FAM,FAM,55,FAM,30,Online Streaming,TRUE,Team A
PERF1671,PERF-1671,PERF1671,Manchester,FAM,CFT,THEFT,Civil,High,FAM,FAM,55,FAM,30,Online Streaming,TRUE,Team A
PERF1672,PERF-1672,PERF1672,Manchester,FAM,CFT,THEFT,Civil,High,FAM,FAM,55,FAM,30,Online Streaming,TRUE,Team A
PERF1673,PERF-1673,PERF1673,Manchester,FAM,CFT,THEFT,Civil,High,FAM,FAM,55,FAM,30,Online Streaming,TRUE,Team A
PERF1674,PERF-1674,PERF1674,Manchester,FAM,CFT,THEFT,Civil,High,FAM,FAM,55,FAM,30,Online Streaming,TRUE,Team A
PERF1675,PERF-1675,PERF1675,Manchester,FAM,CFT,THEFT,Civil,High,FAM,FAM,55,FAM,30,Online Streaming,TRUE,Team A
PERF1676,PERF-1676,PERF1676,Manchester,FAM,CFT,THEFT,Civil,High,FAM,FAM,55,FAM,30,Online Streaming,TRUE,Team A
PERF1677,PERF-1677,PERF1677,Manchester,FAM,CFT,THEFT,Civil,High,FAM,FAM,55,FAM,30,Online Streaming,TRUE,Team A
PERF1678,PERF-1678,PERF1678,Manchester,FAM,CFT,THEFT,Civil,High,FAM,FAM,55,FAM,30,Online Streaming,TRUE,Team A
PERF1679,PERF-1679,PERF1679,Manchester,FAM,CFT,THEFT,Civil,High,FAM,FAM,55,FAM,30,Online Streaming,TRUE,Team A
PERF1680,PERF-1680,PERF1680,Manchester,FAM,CFT,THEFT,Civil,High,FAM,FAM,55,FAM,30,Online Streaming,TRUE,Team A
PERF1681,PERF-1681,PERF1681,Manchester,FAM,CFT,THEFT,Civil,High,FAM,FAM,55,FAM,30,Online Streaming,TRUE,Team A
PERF1682,PERF-1682,PERF1682,Manchester,FAM,CFT,THEFT,Civil,High,FAM,FAM,55,FAM,30,Online Streaming,TRUE,Team A
PERF1683,PERF-1683,PERF1683,Manchester,FAM,CFT,THEFT,Civil,High,FAM,FAM,55,FAM,30,Online Streaming,TRUE,Team A
PERF1684,PERF-1684,PERF1684,Manchester,FAM,CFT,THEFT,Civil,High,FAM,FAM,55,FAM,30,Online Streaming,TRUE,Team A
PERF1685,PERF-1685,PERF1685,Manchester,FAM,CFT,THEFT,Civil,High,FAM,FAM,55,FAM,30,Online Streaming,TRUE,Team A
PERF1686,PERF-1686,PERF1686,Manchester,FAM,CFT,THEFT,Civil,High,FAM,FAM,55,FAM,30,Online Streaming,TRUE,Team A
PERF1687,PERF-1687,PERF1687,Manchester,FAM,CFT,THEFT,Civil,High,FAM,FAM,55,FAM,30,Online Streaming,TRUE,Team A
PERF1688,PERF-1688,PERF1688,Manchester,FAM,CFT,THEFT,Civil,High,FAM,FAM,55,FAM,30,Online Streaming,TRUE,Team A
PERF1689,PERF-1689,PERF1689,Manchester,FAM,CFT,THEFT,Civil,High,FAM,FAM,55,FAM,30,Online Streaming,TRUE,Team A
PERF1690,PERF-1690,PERF1690,Manchester,FAM,CFT,THEFT,Civil,High,FAM,FAM,55,FAM,30,Online Streaming,TRUE,Team A
PERF1691,PERF-1691,PERF1691,Manchester,FAM,CFT,THEFT,Civil,High,FAM,FAM,55,FAM,30,Online Streaming,TRUE,Team A
PERF1692,PERF-1692,PERF1692,Manchester,FAM,CFT,THEFT,Civil,High,FAM,FAM,55,FAM,30,Online Streaming,TRUE,Team A
PERF1693,PERF-1693,PERF1693,Manchester,FAM,CFT,THEFT,Civil,High,FAM,FAM,55,FAM,30,Online Streaming,TRUE,Team A
PERF1694,PERF-1694,PERF1694,Manchester,FAM,CFT,THEFT,Civil,High,FAM,FAM,55,FAM,30,Online Streaming,TRUE,Team A
PERF1695,PERF-1695,PERF1695,Manchester,FAM,CFT,THEFT,Civil,High,FAM,FAM,55,FAM,30,Online Streaming,TRUE,Team A
PERF1696,PERF-1696,PERF1696,Manchester,FAM,CFT,THEFT,Civil,High,FAM,FAM,55,FAM,30,Online Streaming,TRUE,Team A
PERF1697,PERF-1697,PERF1697,Manchester,FAM,CFT,THEFT,Civil,High,FAM,FAM,55,FAM,30,Online Streaming,TRUE,Team A
PERF1698,PERF-1698,PERF1698,Manchester,FAM,CFT,THEFT,Civil,High,FAM,FAM,55,FAM,30,Online Streaming,TRUE,Team A
PERF1699,PERF-1699,PERF1699,Manchester,FAM,CFT,THEFT,Civil,High,FAM,FAM,55,FAM,30,Online Streaming,TRUE,Team A
PERF1700,PERF-1700,PERF1700,Manchester,FAM,CFT,THEFT,Civil,High,FAM,FAM,55,FAM,30,Online Streaming,TRUE,Team A
PERF1701,PERF-1701,PERF1701,Manchester,FAM,CFT,THEFT,Civil,High,FAM,FAM,55,FAM,30,Online Streaming,TRUE,Team A
PERF1702,PERF-1702,PERF1702,Manchester,FAM,CFT,THEFT,Civil,High,FAM,FAM,55,FAM,30,Online Streaming,TRUE,Team A
PERF1703,PERF-1703,PERF1703,Manchester,FAM,CFT,THEFT,Civil,High,FAM,FAM,55,FAM,30,Online Streaming,TRUE,Team A
PERF1704,PERF-1704,PERF1704,Manchester,FAM,CFT,THEFT,Civil,High,FAM,FAM,55,FAM,30,Online Streaming,TRUE,Team A
PERF1705,PERF-1705,PERF1705,Manchester,FAM,CFT,THEFT,Civil,High,FAM,FAM,55,FAM,30,Online Streaming,TRUE,Team A
PERF1706,PERF-1706,PERF1706,Manchester,FAM,CFT,THEFT,Civil,High,FAM,FAM,55,FAM,30,Online Streaming,TRUE,Team A
PERF1707,PERF-1707,PERF1707,Manchester,FAM,CFT,THEFT,Civil,High,FAM,FAM,55,FAM,30,Online Streaming,TRUE,Team A
PERF1708,PERF-1708,PERF1708,Manchester,FAM,CFT,THEFT,Civil,High,FAM,FAM,55,FAM,30,Online Streaming,TRUE,Team A
PERF1709,PERF-1709,PERF1709,Manchester,FAM,CFT,THEFT,Civil,High,FAM,FAM,55,FAM,30,Online Streaming,TRUE,Team A
PERF1710,PERF-1710,PERF1710,Manchester,FAM,CFT,THEFT,Civil,High,FAM,FAM,55,FAM,30,Online Streaming,TRUE,Team A
PERF1711,PERF-1711,PERF1711,Manchester,FAM,CFT,THEFT,Civil,High,FAM,FAM,55,FAM,30,Online Streaming,TRUE,Team A
PERF1712,PERF-1712,PERF1712,Manchester,FAM,CFT,THEFT,Civil,High,FAM,FAM,55,FAM,30,Online Streaming,TRUE,Team A
PERF1713,PERF-1713,PERF1713,Manchester,FAM,CFT,THEFT,Civil,High,FAM,FAM,55,FAM,30,Online Streaming,TRUE,Team A
PERF1714,PERF-1714,PERF1714,Manchester,FAM,CFT,THEFT,Civil,High,FAM,FAM,55,FAM,30,Online Streaming,TRUE,Team A
PERF1715,PERF-1715,PERF1715,Manchester,FAM,CFT,THEFT,Civil,High,FAM,FAM,55,FAM,30,Online Streaming,TRUE,Team A
PERF1716,PERF-1716,PERF1716,Manchester,FAM,CFT,THEFT,Civil,High,FAM,FAM,55,FAM,30,Online Streaming,TRUE,Team A
PERF1717,PERF-1717,PERF1717,Manchester,FAM,CFT,THEFT,Civil,High,FAM,FAM,55,FAM,30,Online Streaming,TRUE,Team A
PERF1718,PERF-1718,PERF1718,Manchester,FAM,CFT,THEFT,Civil,High,FAM,FAM,55,FAM,30,Online Streaming,TRUE,Team A
PERF1719,PERF-1719,PERF1719,Manchester,FAM,CFT,THEFT,Civil,High,FAM,FAM,55,FAM,30,Online Streaming,TRUE,Team A
PERF1720,PERF-1720,PERF1720,Manchester,FAM,CFT,THEFT,Civil,High,FAM,FAM,55,FAM,30,Online Streaming,TRUE,Team A
PERF1721,PERF-1721,PERF1721,Manchester,FAM,CFT,THEFT,Civil,High,FAM,FAM,55,FAM,30,Online Streaming,TRUE,Team A
PERF1722,PERF-1722,PERF1722,Manchester,FAM,CFT,THEFT,Civil,High,FAM,FAM,55,FAM,30,Online Streaming,TRUE,Team A
PERF1723,PERF-1723,PERF1723,Manchester,FAM,CFT,THEFT,Civil,High,FAM,FAM,55,FAM,30,Online Streaming,TRUE,Team A
PERF1724,PERF-1724,PERF1724,Manchester,FAM,CFT,THEFT,Civil,High,FAM,FAM,55,FAM,30,Online Streaming,TRUE,Team A
PERF1725,PERF-1725,PERF1725,Manchester,FAM,CFT,THEFT,Civil,High,FAM,FAM,55,FAM,30,Online Streaming,TRUE,Team A
PERF1726,PERF-1726,PERF1726,Manchester,FAM,CFT,THEFT,Civil,High,FAM,FAM,55,FAM,30,Online Streaming,TRUE,Team A
PERF1727,PERF-1727,PERF1727,Manchester,FAM,CFT,THEFT,Civil,High,FAM,FAM,55,FAM,30,Online Streaming,TRUE,Team A
PERF1728,PERF-1728,PERF1728,Manchester,FAM,CFT,THEFT,Civil,High,FAM,FAM,55,FAM,30,Online Streaming,TRUE,Team A
PERF1729,PERF-1729,PERF1729,Manchester,FAM,CFT,THEFT,Civil,High,FAM,FAM,55,FAM,30,Online Streaming,TRUE,Team A
PERF1730,PERF-1730,PERF1730,Manchester,FAM,CFT,THEFT,Civil,High,FAM,FAM,55,FAM,30,Online Streaming,TRUE,Team A
PERF1731,PERF-1731,PERF1731,Manchester,FAM,CFT,THEFT,Civil,High,FAM,FAM,55,FAM,30,Online Streaming,TRUE,Team A
PERF1732,PERF-1732,PERF1732,Manchester,FAM,CFT,THEFT,Civil,High,FAM,FAM,55,FAM,30,Online Streaming,TRUE,Team A
PERF1733,PERF-1733,PERF1733,Manchester,FAM,CFT,THEFT,Civil,High,FAM,FAM,55,FAM,30,Online Streaming,TRUE,Team A
PERF1734,PERF-1734,PERF1734,Manchester,FAM,CFT,THEFT,Civil,High,FAM,FAM,55,FAM,30,Online Streaming,TRUE,Team A
PERF1735,PERF-1735,PERF1735,Manchester,FAM,CFT,THEFT,Civil,High,FAM,FAM,55,FAM,30,Online Streaming,TRUE,Team A
PERF1736,PERF-1736,PERF1736,Manchester,FAM,CFT,THEFT,Civil,High,FAM,FAM,55,FAM,30,Online Streaming,TRUE,Team A
PERF1737,PERF-1737,PERF1737,Manchester,FAM,CFT,THEFT,Civil,High,FAM,FAM,55,FAM,30,Online Streaming,TRUE,Team A
PERF1738,PERF-1738,PERF1738,Manchester,FAM,CFT,THEFT,Civil,High,FAM,FAM,55,FAM,30,Online Streaming,TRUE,Team A
PERF1739,PERF-1739,PERF1739,Manchester,FAM,CFT,THEFT,Civil,High,FAM,FAM,55,FAM,30,Online Streaming,TRUE,Team A
PERF1740,PERF-1740,PERF1740,Manchester,FAM,CFT,THEFT,Civil,High,FAM,FAM,55,FAM,30,Online Streaming,TRUE,Team A
PERF1741,PERF-1741,PERF1741,Manchester,FAM,CFT,THEFT,Civil,High,FAM,FAM,55,FAM,30,Online Streaming,TRUE,Team A
PERF1742,PERF-1742,PERF1742,Manchester,FAM,CFT,THEFT,Civil,High,FAM,FAM,55,FAM,30,Online Streaming,TRUE,Team A
PERF1743,PERF-1743,PERF1743,Manchester,FAM,CFT,THEFT,Civil,High,FAM,FAM,55,FAM,30,Online Streaming,TRUE,Team A
PERF1744,PERF-1744,PERF1744,Manchester,FAM,CFT,THEFT,Civil,High,FAM,FAM,55,FAM,30,Online Streaming,TRUE,Team A
PERF1745,PERF-1745,PERF1745,Manchester,FAM,CFT,THEFT,Civil,High,FAM,FAM,55,FAM,30,Online Streaming,TRUE,Team A
PERF1746,PERF-1746,PERF1746,Manchester,FAM,CFT,THEFT,Civil,High,FAM,FAM,55,FAM,30,Online Streaming,TRUE,Team A
PERF1747,PERF-1747,PERF1747,Manchester,FAM,CFT,THEFT,Civil,High,FAM,FAM,55,FAM,30,Online Streaming,TRUE,Team A
PERF1748,PERF-1748,PERF1748,Manchester,FAM,CFT,THEFT,Civil,High,FAM,FAM,55,FAM,30,Online Streaming,TRUE,Team A
PERF1749,PERF-1749,PERF1749,Manchester,FAM,CFT,THEFT,Civil,High,FAM,FAM,55,FAM,30,Online Streaming,TRUE,Team A
PERF1750,PERF-1750,PERF1750,Manchester,FAM,CFT,THEFT,Civil,High,FAM,FAM,55,FAM,30,Online Streaming,TRUE,Team A
PERF1751,PERF-1751,PERF1751,Manchester,FAM,CFT,THEFT,Civil,High,FAM,FAM,55,FAM,30,Online Streaming,TRUE,Team A
PERF1752,PERF-1752,PERF1752,Manchester,FAM,CFT,THEFT,Civil,High,FAM,FAM,55,FAM,30,Online Streaming,TRUE,Team A
PERF1753,PERF-1753,PERF1753,Manchester,FAM,CFT,THEFT,Civil,High,FAM,FAM,55,FAM,30,Online Streaming,TRUE,Team A
PERF1754,PERF-1754,PERF1754,Manchester,FAM,CFT,THEFT,Civil,High,FAM,FAM,55,FAM,30,Online Streaming,TRUE,Team A
PERF1755,PERF-1755,PERF1755,Manchester,FAM,CFT,THEFT,Civil,High,FAM,FAM,55,FAM,30,Online Streaming,TRUE,Team A
PERF1756,PERF-1756,PERF1756,Manchester,FAM,CFT,THEFT,Civil,High,FAM,FAM,55,FAM,30,Online Streaming,TRUE,Team A
PERF1757,PERF-1757,PERF1757,Manchester,FAM,CFT,THEFT,Civil,High,FAM,FAM,55,FAM,30,Online Streaming,TRUE,Team A
PERF1758,PERF-1758,PERF1758,Manchester,FAM,CFT,THEFT,Civil,High,FAM,FAM,55,FAM,30,Online Streaming,TRUE,Team A
PERF1759,PERF-1759,PERF1759,Manchester,FAM,CFT,THEFT,Civil,High,FAM,FAM,55,FAM,30,Online Streaming,TRUE,Team A
PERF1760,PERF-1760,PERF1760,Manchester,FAM,CFT,THEFT,Civil,High,FAM,FAM,55,FAM,30,Online Streaming,TRUE,Team A
PERF1761,PERF-1761,PERF1761,Manchester,FAM,CFT,THEFT,Civil,High,FAM,FAM,55,FAM,30,Online Streaming,TRUE,Team A
PERF1762,PERF-1762,PERF1762,Manchester,FAM,CFT,THEFT,Civil,High,FAM,FAM,55,FAM,30,Online Streaming,TRUE,Team A
PERF1763,PERF-1763,PERF1763,Manchester,FAM,CFT,THEFT,Civil,High,FAM,FAM,55,FAM,30,Online Streaming,TRUE,Team A
PERF1764,PERF-1764,PERF1764,Manchester,FAM,CFT,THEFT,Civil,High,FAM,FAM,55,FAM,30,Online Streaming,TRUE,Team A
PERF1765,PERF-1765,PERF1765,Manchester,FAM,CFT,THEFT,Civil,High,FAM,FAM,55,FAM,30,Online Streaming,TRUE,Team A
PERF1766,PERF-1766,PERF1766,Manchester,FAM,CFT,THEFT,Civil,High,FAM,FAM,55,FAM,30,Online Streaming,TRUE,Team A
PERF1767,PERF-1767,PERF1767,Manchester,FAM,CFT,THEFT,Civil,High,FAM,FAM,55,FAM,30,Online Streaming,TRUE,Team A
PERF1768,PERF-1768,PERF1768,Manchester,FAM,CFT,THEFT,Civil,High,FAM,FAM,55,FAM,30,Online Streaming,TRUE,Team A
PERF1769,PERF-1769,PERF1769,Manchester,FAM,CFT,THEFT,Civil,High,FAM,FAM,55,FAM,30,Online Streaming,TRUE,Team A
PERF1770,PERF-1770,PERF1770,Manchester,FAM,CFT,THEFT,Civil,High,FAM,FAM,55,FAM,30,Online Streaming,TRUE,Team A
PERF1771,PERF-1771,PERF1771,Manchester,FAM,CFT,THEFT,Civil,High,FAM,FAM,55,FAM,30,Online Streaming,TRUE,Team A
PERF1772,PERF-1772,PERF1772,Manchester,FAM,CFT,THEFT,Civil,High,FAM,FAM,55,FAM,30,Online Streaming,TRUE,Team A
PERF1773,PERF-1773,PERF1773,Manchester,FAM,CFT,THEFT,Civil,High,FAM,FAM,55,FAM,30,Online Streaming,TRUE,Team A
PERF1774,PERF-1774,PERF1774,Manchester,FAM,CFT,THEFT,Civil,High,FAM,FAM,55,FAM,30,Online Streaming,TRUE,Team A
PERF1775,PERF-1775,PERF1775,Manchester,FAM,CFT,THEFT,Civil,High,FAM,FAM,55,FAM,30,Online Streaming,TRUE,Team A
PERF1776,PERF-1776,PERF1776,Manchester,FAM,CFT,THEFT,Civil,High,FAM,FAM,55,FAM,30,Online Streaming,TRUE,Team A
PERF1777,PERF-1777,PERF1777,Manchester,FAM,CFT,THEFT,Civil,High,FAM,FAM,55,FAM,30,Online Streaming,TRUE,Team A
PERF1778,PERF-1778,PERF1778,Manchester,FAM,CFT,THEFT,Civil,High,FAM,FAM,55,FAM,30,Online Streaming,TRUE,Team A
PERF1779,PERF-1779,PERF1779,Manchester,FAM,CFT,THEFT,Civil,High,FAM,FAM,55,FAM,30,Online Streaming,TRUE,Team A
PERF1780,PERF-1780,PERF1780,Manchester,FAM,CFT,THEFT,Civil,High,FAM,FAM,55,FAM,30,Online Streaming,TRUE,Team A
PERF1781,PERF-1781,PERF1781,Manchester,FAM,CFT,THEFT,Civil,High,FAM,FAM,55,FAM,30,Online Streaming,TRUE,Team A
PERF1782,PERF-1782,PERF1782,Manchester,FAM,CFT,THEFT,Civil,High,FAM,FAM,55,FAM,30,Online Streaming,TRUE,Team A
PERF1783,PERF-1783,PERF1783,Manchester,FAM,CFT,THEFT,Civil,High,FAM,FAM,55,FAM,30,Online Streaming,TRUE,Team A
PERF1784,PERF-1784,PERF1784,Manchester,FAM,CFT,THEFT,Civil,High,FAM,FAM,55,FAM,30,Online Streaming,TRUE,Team A
PERF1785,PERF-1785,PERF1785,Manchester,FAM,CFT,THEFT,Civil,High,FAM,FAM,55,FAM,30,Online Streaming,TRUE,Team A
PERF1786,PERF-1786,PERF1786,Manchester,FAM,CFT,THEFT,Civil,High,FAM,FAM,55,FAM,30,Online Streaming,TRUE,Team A
PERF1787,PERF-1787,PERF1787,Manchester,FAM,CFT,THEFT,Civil,High,FAM,FAM,55,FAM,30,Online Streaming,TRUE,Team A
PERF1788,PERF-1788,PERF1788,Manchester,FAM,CFT,THEFT,Civil,High,FAM,FAM,55,FAM,30,Online Streaming,TRUE,Team A
PERF1789,PERF-1789,PERF1789,Manchester,FAM,CFT,THEFT,Civil,High,FAM,FAM,55,FAM,30,Online Streaming,TRUE,Team A
PERF1790,PERF-1790,PERF1790,Manchester,FAM,CFT,THEFT,Civil,High,FAM,FAM,55,FAM,30,Online Streaming,TRUE,Team A
PERF1791,PERF-1791,PERF1791,Manchester,FAM,CFT,THEFT,Civil,High,FAM,FAM,55,FAM,30,Online Streaming,TRUE,Team A
PERF1792,PERF-1792,PERF1792,Manchester,FAM,CFT,THEFT,Civil,High,FAM,FAM,55,FAM,30,Online Streaming,TRUE,Team A
PERF1793,PERF-1793,PERF1793,Manchester,FAM,CFT,THEFT,Civil,High,FAM,FAM,55,FAM,30,Online Streaming,TRUE,Team A
PERF1794,PERF-1794,PERF1794,Manchester,FAM,CFT,THEFT,Civil,High,FAM,FAM,55,FAM,30,Online Streaming,TRUE,Team A
PERF1795,PERF-1795,PERF1795,Manchester,FAM,CFT,THEFT,Civil,High,FAM,FAM,55,FAM,30,Online Streaming,TRUE,Team A
PERF1796,PERF-1796,PERF1796,Manchester,FAM,CFT,THEFT,Civil,High,FAM,FAM,55,FAM,30,Online Streaming,TRUE,Team A
PERF1797,PERF-1797,PERF1797,Manchester,FAM,CFT,THEFT,Civil,High,FAM,FAM,55,FAM,30,Online Streaming,TRUE,Team A
PERF1798,PERF-1798,PERF1798,Manchester,FAM,CFT,THEFT,Civil,High,FAM,FAM,55,FAM,30,Online Streaming,TRUE,Team A
PERF1799,PERF-1799,PERF1799,Manchester,FAM,CFT,THEFT,Civil,High,FAM,FAM,55,FAM,30,Online Streaming,TRUE,Team A
PERF1800,PERF-1800,PERF1800,Manchester,FAM,CFT,THEFT,Civil,High,FAM,FAM,55,FAM,30,Online Streaming,TRUE,Team A
PERF1801,PERF-1801,PERF1801,Manchester,FAM,CFT,THEFT,Civil,High,FAM,FAM,55,FAM,30,Online Streaming,TRUE,Team A
PERF1802,PERF-1802,PERF1802,Manchester,FAM,CFT,THEFT,Civil,High,FAM,FAM,55,FAM,30,Online Streaming,TRUE,Team A
PERF1803,PERF-1803,PERF1803,Manchester,FAM,CFT,THEFT,Civil,High,FAM,FAM,55,FAM,30,Online Streaming,TRUE,Team A
PERF1804,PERF-1804,PERF1804,Manchester,FAM,CFT,THEFT,Civil,High,FAM,FAM,55,FAM,30,Online Streaming,TRUE,Team A
PERF1805,PERF-1805,PERF1805,Manchester,FAM,CFT,THEFT,Civil,High,FAM,FAM,55,FAM,30,Online Streaming,TRUE,Team A
PERF1806,PERF-1806,PERF1806,Manchester,FAM,CFT,THEFT,Civil,High,FAM,FAM,55,FAM,30,Online Streaming,TRUE,Team A
PERF1807,PERF-1807,PERF1807,Manchester,FAM,CFT,THEFT,Civil,High,FAM,FAM,55,FAM,30,Online Streaming,TRUE,Team A
PERF1808,PERF-1808,PERF1808,Manchester,FAM,CFT,THEFT,Civil,High,FAM,FAM,55,FAM,30,Online Streaming,TRUE,Team A
PERF1809,PERF-1809,PERF1809,Manchester,FAM,CFT,THEFT,Civil,High,FAM,FAM,55,FAM,30,Online Streaming,TRUE,Team A
PERF1810,PERF-1810,PERF1810,Manchester,FAM,CFT,THEFT,Civil,High,FAM,FAM,55,FAM,30,Online Streaming,TRUE,Team A
PERF1811,PERF-1811,PERF1811,Manchester,FAM,CFT,THEFT,Civil,High,FAM,FAM,55,FAM,30,Online Streaming,TRUE,Team A
PERF1812,PERF-1812,PERF1812,Manchester,FAM,CFT,THEFT,Civil,High,FAM,FAM,55,FAM,30,Online Streaming,TRUE,Team A
PERF1813,PERF-1813,PERF1813,Manchester,FAM,CFT,THEFT,Civil,High,FAM,FAM,55,FAM,30,Online Streaming,TRUE,Team A
PERF1814,PERF-1814,PERF1814,Manchester,FAM,CFT,THEFT,Civil,High,FAM,FAM,55,FAM,30,Online Streaming,TRUE,Team A
PERF1815,PERF-1815,PERF1815,Manchester,FAM,CFT,THEFT,Civil,High,FAM,FAM,55,FAM,30,Online Streaming,TRUE,Team A
PERF1816,PERF-1816,PERF1816,Manchester,FAM,CFT,THEFT,Civil,High,FAM,FAM,55,FAM,30,Online Streaming,TRUE,Team A
PERF1817,PERF-1817,PERF1817,Manchester,FAM,CFT,THEFT,Civil,High,FAM,FAM,55,FAM,30,Online Streaming,TRUE,Team A
PERF1818,PERF-1818,PERF1818,Manchester,FAM,CFT,THEFT,Civil,High,FAM,FAM,55,FAM,30,Online Streaming,TRUE,Team A
PERF1819,PERF-1819,PERF1819,Manchester,FAM,CFT,THEFT,Civil,High,FAM,FAM,55,FAM,30,Online Streaming,TRUE,Team A
PERF1820,PERF-1820,PERF1820,Manchester,FAM,CFT,THEFT,Civil,High,FAM,FAM,55,FAM,30,Online Streaming,TRUE,Team A
PERF1821,PERF-1821,PERF1821,Manchester,FAM,CFT,THEFT,Civil,High,FAM,FAM,55,FAM,30,Online Streaming,TRUE,Team A
PERF1822,PERF-1822,PERF1822,Manchester,FAM,CFT,THEFT,Civil,High,FAM,FAM,55,FAM,30,Online Streaming,TRUE,Team A
PERF1823,PERF-1823,PERF1823,Manchester,FAM,CFT,THEFT,Civil,High,FAM,FAM,55,FAM,30,Online Streaming,TRUE,Team A
PERF1824,PERF-1824,PERF1824,Manchester,FAM,CFT,THEFT,Civil,High,FAM,FAM,55,FAM,30,Online Streaming,TRUE,Team A
PERF1825,PERF-1825,PERF1825,Manchester,FAM,CFT,THEFT,Civil,High,FAM,FAM,55,FAM,30,Online Streaming,TRUE,Team A
PERF1826,PERF-1826,PERF1826,Manchester,FAM,CFT,THEFT,Civil,High,FAM,FAM,55,FAM,30,Online Streaming,TRUE,Team A
PERF1827,PERF-1827,PERF1827,Manchester,FAM,CFT,THEFT,Civil,High,FAM,FAM,55,FAM,30,Online Streaming,TRUE,Team A
PERF1828,PERF-1828,PERF1828,Manchester,FAM,CFT,THEFT,Civil,High,FAM,FAM,55,FAM,30,Online Streaming,TRUE,Team A
PERF1829,PERF-1829,PERF1829,Manchester,FAM,CFT,THEFT,Civil,High,FAM,FAM,55,FAM,30,Online Streaming,TRUE,Team A
PERF1830,PERF-1830,PERF1830,Manchester,FAM,CFT,THEFT,Civil,High,FAM,FAM,55,FAM,30,Online Streaming,TRUE,Team A
PERF1831,PERF-1831,PERF1831,Manchester,FAM,CFT,THEFT,Civil,High,FAM,FAM,55,FAM,30,Online Streaming,TRUE,Team A
PERF1832,PERF-1832,PERF1832,Manchester,FAM,CFT,THEFT,Civil,High,FAM,FAM,55,FAM,30,Online Streaming,TRUE,Team A
PERF1833,PERF-1833,PERF1833,Manchester,FAM,CFT,THEFT,Civil,High,FAM,FAM,55,FAM,30,Online Streaming,TRUE,Team A
PERF1834,PERF-1834,PERF1834,Manchester,FAM,CFT,THEFT,Civil,High,FAM,FAM,55,FAM,30,Online Streaming,TRUE,Team A
PERF1835,PERF-1835,PERF1835,Manchester,FAM,CFT,THEFT,Civil,High,FAM,FAM,55,FAM,30,Online Streaming,TRUE,Team A
PERF1836,PERF-1836,PERF1836,Manchester,FAM,CFT,THEFT,Civil,High,FAM,FAM,55,FAM,30,Online Streaming,TRUE,Team A
PERF1837,PERF-1837,PERF1837,Manchester,FAM,CFT,THEFT,Civil,High,FAM,FAM,55,FAM,30,Online Streaming,TRUE,Team A
PERF1838,PERF-1838,PERF1838,Manchester,FAM,CFT,THEFT,Civil,High,FAM,FAM,55,FAM,30,Online Streaming,TRUE,Team A
PERF1839,PERF-1839,PERF1839,Manchester,FAM,CFT,THEFT,Civil,High,FAM,FAM,55,FAM,30,Online Streaming,TRUE,Team A
PERF1840,PERF-1840,PERF1840,Manchester,FAM,CFT,THEFT,Civil,High,FAM,FAM,55,FAM,30,Online Streaming,TRUE,Team A
PERF1841,PERF-1841,PERF1841,Manchester,FAM,CFT,THEFT,Civil,High,FAM,FAM,55,FAM,30,Online Streaming,TRUE,Team A
PERF1842,PERF-1842,PERF1842,Manchester,FAM,CFT,THEFT,Civil,High,FAM,FAM,55,FAM,30,Online Streaming,TRUE,Team A
PERF1843,PERF-1843,PERF1843,Manchester,FAM,CFT,THEFT,Civil,High,FAM,FAM,55,FAM,30,Online Streaming,TRUE,Team A
PERF1844,PERF-1844,PERF1844,Manchester,FAM,CFT,THEFT,Civil,High,FAM,FAM,55,FAM,30,Online Streaming,TRUE,Team A
PERF1845,PERF-1845,PERF1845,Manchester,FAM,CFT,THEFT,Civil,High,FAM,FAM,55,FAM,30,Online Streaming,TRUE,Team A
PERF1846,PERF-1846,PERF1846,Manchester,FAM,CFT,THEFT,Civil,High,FAM,FAM,55,FAM,30,Online Streaming,TRUE,Team A
PERF1847,PERF-1847,PERF1847,Manchester,FAM,CFT,THEFT,Civil,High,FAM,FAM,55,FAM,30,Online Streaming,TRUE,Team A
PERF1848,PERF-1848,PERF1848,Manchester,FAM,CFT,THEFT,Civil,High,FAM,FAM,55,FAM,30,Online Streaming,TRUE,Team A
PERF1849,PERF-1849,PERF1849,Manchester,FAM,CFT,THEFT,Civil,High,FAM,FAM,55,FAM,30,Online Streaming,TRUE,Team A
PERF1850,PERF-1850,PERF1850,Manchester,FAM,CFT,THEFT,Civil,High,FAM,FAM,55,FAM,30,Online Streaming,TRUE,Team A
PERF1851,PERF-1851,PERF1851,Manchester,FAM,CFT,THEFT,Civil,High,FAM,FAM,55,FAM,30,Online Streaming,TRUE,Team A
PERF1852,PERF-1852,PERF1852,Manchester,FAM,CFT,THEFT,Civil,High,FAM,FAM,55,FAM,30,Online Streaming,TRUE,Team A
PERF1853,PERF-1853,PERF1853,Manchester,FAM,CFT,THEFT,Civil,High,FAM,FAM,55,FAM,30,Online Streaming,TRUE,Team A
PERF1854,PERF-1854,PERF1854,Manchester,FAM,CFT,THEFT,Civil,High,FAM,FAM,55,FAM,30,Online Streaming,TRUE,Team A
PERF1855,PERF-1855,PERF1855,Manchester,FAM,CFT,THEFT,Civil,High,FAM,FAM,55,FAM,30,Online Streaming,TRUE,Team A
PERF1856,PERF-1856,PERF1856,Manchester,FAM,CFT,THEFT,Civil,High,FAM,FAM,55,FAM,30,Online Streaming,TRUE,Team A
PERF1857,PERF-1857,PERF1857,Manchester,FAM,CFT,THEFT,Civil,High,FAM,FAM,55,FAM,30,Online Streaming,TRUE,Team A
PERF1858,PERF-1858,PERF1858,Manchester,FAM,CFT,THEFT,Civil,High,FAM,FAM,55,FAM,30,Online Streaming,TRUE,Team A
PERF1859,PERF-1859,PERF1859,Manchester,FAM,CFT,THEFT,Civil,High,FAM,FAM,55,FAM,30,Online Streaming,TRUE,Team A
PERF1860,PERF-1860,PERF1860,Manchester,FAM,CFT,THEFT,Civil,High,FAM,FAM,55,FAM,30,Online Streaming,TRUE,Team A
PERF1861,PERF-1861,PERF1861,Manchester,FAM,CFT,THEFT,Civil,High,FAM,FAM,55,FAM,30,Online Streaming,TRUE,Team A
PERF1862,PERF-1862,PERF1862,Manchester,FAM,CFT,THEFT,Civil,High,FAM,FAM,55,FAM,30,Online Streaming,TRUE,Team A
PERF1863,PERF-1863,PERF1863,Manchester,FAM,CFT,THEFT,Civil,High,FAM,FAM,55,FAM,30,Online Streaming,TRUE,Team A
PERF1864,PERF-1864,PERF1864,Manchester,FAM,CFT,THEFT,Civil,High,FAM,FAM,55,FAM,30,Online Streaming,TRUE,Team A
PERF1865,PERF-1865,PERF1865,Manchester,FAM,CFT,THEFT,Civil,High,FAM,FAM,55,FAM,30,Online Streaming,TRUE,Team A
PERF1866,PERF-1866,PERF1866,Manchester,FAM,CFT,THEFT,Civil,High,FAM,FAM,55,FAM,30,Online Streaming,TRUE,Team A
PERF1867,PERF-1867,PERF1867,Manchester,FAM,CFT,THEFT,Civil,High,FAM,FAM,55,FAM,30,Online Streaming,TRUE,Team A
PERF1868,PERF-1868,PERF1868,Manchester,FAM,CFT,THEFT,Civil,High,FAM,FAM,55,FAM,30,Online Streaming,TRUE,Team A
PERF1869,PERF-1869,PERF1869,Manchester,FAM,CFT,THEFT,Civil,High,FAM,FAM,55,FAM,30,Online Streaming,TRUE,Team A
PERF1870,PERF-1870,PERF1870,Manchester,FAM,CFT,THEFT,Civil,High,FAM,FAM,55,FAM,30,Online Streaming,TRUE,Team A
PERF1871,PERF-1871,PERF1871,Manchester,FAM,CFT,THEFT,Civil,High,FAM,FAM,55,FAM,30,Online Streaming,TRUE,Team A
PERF1872,PERF-1872,PERF1872,Manchester,FAM,CFT,THEFT,Civil,High,FAM,FAM,55,FAM,30,Online Streaming,TRUE,Team A
PERF1873,PERF-1873,PERF1873,Manchester,FAM,CFT,THEFT,Civil,High,FAM,FAM,55,FAM,30,Online Streaming,TRUE,Team A
PERF1874,PERF-1874,PERF1874,Manchester,FAM,CFT,THEFT,Civil,High,FAM,FAM,55,FAM,30,Online Streaming,TRUE,Team A
PERF1875,PERF-1875,PERF1875,Manchester,FAM,CFT,THEFT,Civil,High,FAM,FAM,55,FAM,30,Online Streaming,TRUE,Team A
PERF1876,PERF-1876,PERF1876,Manchester,FAM,CFT,THEFT,Civil,High,FAM,FAM,55,FAM,30,Online Streaming,TRUE,Team A
PERF1877,PERF-1877,PERF1877,Manchester,FAM,CFT,THEFT,Civil,High,FAM,FAM,55,FAM,30,Online Streaming,TRUE,Team A
PERF1878,PERF-1878,PERF1878,Manchester,FAM,CFT,THEFT,Civil,High,FAM,FAM,55,FAM,30,Online Streaming,TRUE,Team A
PERF1879,PERF-1879,PERF1879,Manchester,FAM,CFT,THEFT,Civil,High,FAM,FAM,55,FAM,30,Online Streaming,TRUE,Team A
PERF1880,PERF-1880,PERF1880,Manchester,FAM,CFT,THEFT,Civil,High,FAM,FAM,55,FAM,30,Online Streaming,TRUE,Team A
PERF1881,PERF-1881,PERF1881,Manchester,FAM,CFT,THEFT,Civil,High,FAM,FAM,55,FAM,30,Online Streaming,TRUE,Team A
PERF1882,PERF-1882,PERF1882,Manchester,FAM,CFT,THEFT,Civil,High,FAM,FAM,55,FAM,30,Online Streaming,TRUE,Team A
PERF1883,PERF-1883,PERF1883,Manchester,FAM,CFT,THEFT,Civil,High,FAM,FAM,55,FAM,30,Online Streaming,TRUE,Team A
PERF1884,PERF-1884,PERF1884,Manchester,FAM,CFT,THEFT,Civil,High,FAM,FAM,55,FAM,30,Online Streaming,TRUE,Team A
PERF1885,PERF-1885,PERF1885,Manchester,FAM,CFT,THEFT,Civil,High,FAM,FAM,55,FAM,30,Online Streaming,TRUE,Team A
PERF1886,PERF-1886,PERF1886,Manchester,FAM,CFT,THEFT,Civil,High,FAM,FAM,55,FAM,30,Online Streaming,TRUE,Team A
PERF1887,PERF-1887,PERF1887,Manchester,FAM,CFT,THEFT,Civil,High,FAM,FAM,55,FAM,30,Online Streaming,TRUE,Team A
PERF1888,PERF-1888,PERF1888,Manchester,FAM,CFT,THEFT,Civil,High,FAM,FAM,55,FAM,30,Online Streaming,TRUE,Team A
PERF1889,PERF-1889,PERF1889,Manchester,FAM,CFT,THEFT,Civil,High,FAM,FAM,55,FAM,30,Online Streaming,TRUE,Team A
PERF1890,PERF-1890,PERF1890,Manchester,FAM,CFT,THEFT,Civil,High,FAM,FAM,55,FAM,30,Online Streaming,TRUE,Team A
PERF1891,PERF-1891,PERF1891,Manchester,FAM,CFT,THEFT,Civil,High,FAM,FAM,55,FAM,30,Online Streaming,TRUE,Team A
PERF1892,PERF-1892,PERF1892,Manchester,FAM,CFT,THEFT,Civil,High,FAM,FAM,55,FAM,30,Online Streaming,TRUE,Team A
PERF1893,PERF-1893,PERF1893,Manchester,FAM,CFT,THEFT,Civil,High,FAM,FAM,55,FAM,30,Online Streaming,TRUE,Team A
PERF1894,PERF-1894,PERF1894,Manchester,FAM,CFT,THEFT,Civil,High,FAM,FAM,55,FAM,30,Online Streaming,TRUE,Team A
PERF1895,PERF-1895,PERF1895,Manchester,FAM,CFT,THEFT,Civil,High,FAM,FAM,55,FAM,30,Online Streaming,TRUE,Team A
PERF1896,PERF-1896,PERF1896,Manchester,FAM,CFT,THEFT,Civil,High,FAM,FAM,55,FAM,30,Online Streaming,TRUE,Team A
PERF1897,PERF-1897,PERF1897,Manchester,FAM,CFT,THEFT,Civil,High,FAM,FAM,55,FAM,30,Online Streaming,TRUE,Team A
PERF1898,PERF-1898,PERF1898,Manchester,FAM,CFT,THEFT,Civil,High,FAM,FAM,55,FAM,30,Online Streaming,TRUE,Team A
PERF1899,PERF-1899,PERF1899,Manchester,FAM,CFT,THEFT,Civil,High,FAM,FAM,55,FAM,30,Online Streaming,TRUE,Team A
PERF1900,PERF-1900,PERF1900,Manchester,FAM,CFT,THEFT,Civil,High,FAM,FAM,55,FAM,30,Online Streaming,TRUE,Team A
PERF1901,PERF-1901,PERF1901,Manchester,FAM,CFT,THEFT,Civil,High,FAM,FAM,55,FAM,30,Online Streaming,TRUE,Team A
PERF1902,PERF-1902,PERF1902,Manchester,FAM,CFT,THEFT,Civil,High,FAM,FAM,55,FAM,30,Online Streaming,TRUE,Team A
PERF1903,PERF-1903,PERF1903,Manchester,FAM,CFT,THEFT,Civil,High,FAM,FAM,55,FAM,30,Online Streaming,TRUE,Team A
PERF1904,PERF-1904,PERF1904,Manchester,FAM,CFT,THEFT,Civil,High,FAM,FAM,55,FAM,30,Online Streaming,TRUE,Team A
PERF1905,PERF-1905,PERF1905,Manchester,FAM,CFT,THEFT,Civil,High,FAM,FAM,55,FAM,30,Online Streaming,TRUE,Team A
PERF1906,PERF-1906,PERF1906,Manchester,FAM,CFT,THEFT,Civil,High,FAM,FAM,55,FAM,30,Online Streaming,TRUE,Team A
PERF1907,PERF-1907,PERF1907,Manchester,FAM,CFT,THEFT,Civil,High,FAM,FAM,55,FAM,30,Online Streaming,TRUE,Team A
PERF1908,PERF-1908,PERF1908,Manchester,FAM,CFT,THEFT,Civil,High,FAM,FAM,55,FAM,30,Online Streaming,TRUE,Team A
PERF1909,PERF-1909,PERF1909,Manchester,FAM,CFT,THEFT,Civil,High,FAM,FAM,55,FAM,30,Online Streaming,TRUE,Team A
PERF1910,PERF-1910,PERF1910,Manchester,FAM,CFT,THEFT,Civil,High,FAM,FAM,55,FAM,30,Online Streaming,TRUE,Team A
PERF1911,PERF-1911,PERF1911,Manchester,FAM,CFT,THEFT,Civil,High,FAM,FAM,55,FAM,30,Online Streaming,TRUE,Team A
PERF1912,PERF-1912,PERF1912,Manchester,FAM,CFT,THEFT,Civil,High,FAM,FAM,55,FAM,30,Online Streaming,TRUE,Team A
PERF1913,PERF-1913,PERF1913,Manchester,FAM,CFT,THEFT,Civil,High,FAM,FAM,55,FAM,30,Online Streaming,TRUE,Team A
PERF1914,PERF-1914,PERF1914,Manchester,FAM,CFT,THEFT,Civil,High,FAM,FAM,55,FAM,30,Online Streaming,TRUE,Team A
PERF1915,PERF-1915,PERF1915,Manchester,FAM,CFT,THEFT,Civil,High,FAM,FAM,55,FAM,30,Online Streaming,TRUE,Team A
PERF1916,PERF-1916,PERF1916,Manchester,FAM,CFT,THEFT,Civil,High,FAM,FAM,55,FAM,30,Online Streaming,TRUE,Team A
PERF1917,PERF-1917,PERF1917,Manchester,FAM,CFT,THEFT,Civil,High,FAM,FAM,55,FAM,30,Online Streaming,TRUE,Team A
PERF1918,PERF-1918,PERF1918,Manchester,FAM,CFT,THEFT,Civil,High,FAM,FAM,55,FAM,30,Online Streaming,TRUE,Team A
PERF1919,PERF-1919,PERF1919,Manchester,FAM,CFT,THEFT,Civil,High,FAM,FAM,55,FAM,30,Online Streaming,TRUE,Team A
PERF1920,PERF-1920,PERF1920,Manchester,FAM,CFT,THEFT,Civil,High,FAM,FAM,55,FAM,30,Online Streaming,TRUE,Team A
PERF1921,PERF-1921,PERF1921,Manchester,FAM,CFT,THEFT,Civil,High,FAM,FAM,55,FAM,30,Online Streaming,TRUE,Team A
PERF1922,PERF-1922,PERF1922,Manchester,FAM,CFT,THEFT,Civil,High,FAM,FAM,55,FAM,30,Online Streaming,TRUE,Team A
PERF1923,PERF-1923,PERF1923,Manchester,FAM,CFT,THEFT,Civil,High,FAM,FAM,55,FAM,30,Online Streaming,TRUE,Team A
PERF1924,PERF-1924,PERF1924,Manchester,FAM,CFT,THEFT,Civil,High,FAM,FAM,55,FAM,30,Online Streaming,TRUE,Team A
PERF1925,PERF-1925,PERF1925,Manchester,FAM,CFT,THEFT,Civil,High,FAM,FAM,55,FAM,30,Online Streaming,TRUE,Team A
PERF1926,PERF-1926,PERF1926,Manchester,FAM,CFT,THEFT,Civil,High,FAM,FAM,55,FAM,30,Online Streaming,TRUE,Team A
PERF1927,PERF-1927,PERF1927,Manchester,FAM,CFT,THEFT,Civil,High,FAM,FAM,55,FAM,30,Online Streaming,TRUE,Team A
PERF1928,PERF-1928,PERF1928,Manchester,FAM,CFT,THEFT,Civil,High,FAM,FAM,55,FAM,30,Online Streaming,TRUE,Team A
PERF1929,PERF-1929,PERF1929,Manchester,FAM,CFT,THEFT,Civil,High,FAM,FAM,55,FAM,30,Online Streaming,TRUE,Team A
PERF1930,PERF-1930,PERF1930,Manchester,FAM,CFT,THEFT,Civil,High,FAM,FAM,55,FAM,30,Online Streaming,TRUE,Team A
PERF1931,PERF-1931,PERF1931,Manchester,FAM,CFT,THEFT,Civil,High,FAM,FAM,55,FAM,30,Online Streaming,TRUE,Team A
PERF1932,PERF-1932,PERF1932,Manchester,FAM,CFT,THEFT,Civil,High,FAM,FAM,55,FAM,30,Online Streaming,TRUE,Team A
PERF1933,PERF-1933,PERF1933,Manchester,FAM,CFT,THEFT,Civil,High,FAM,FAM,55,FAM,30,Online Streaming,TRUE,Team A
PERF1934,PERF-1934,PERF1934,Manchester,FAM,CFT,THEFT,Civil,High,FAM,FAM,55,FAM,30,Online Streaming,TRUE,Team A
PERF1935,PERF-1935,PERF1935,Manchester,FAM,CFT,THEFT,Civil,High,FAM,FAM,55,FAM,30,Online Streaming,TRUE,Team A
PERF1936,PERF-1936,PERF1936,Manchester,FAM,CFT,THEFT,Civil,High,FAM,FAM,55,FAM,30,Online Streaming,TRUE,Team A
PERF1937,PERF-1937,PERF1937,Manchester,FAM,CFT,THEFT,Civil,High,FAM,FAM,55,FAM,30,Online Streaming,TRUE,Team A
PERF1938,PERF-1938,PERF1938,Manchester,FAM,CFT,THEFT,Civil,High,FAM,FAM,55,FAM,30,Online Streaming,TRUE,Team A
PERF1939,PERF-1939,PERF1939,Manchester,FAM,CFT,THEFT,Civil,High,FAM,FAM,55,FAM,30,Online Streaming,TRUE,Team A
PERF1940,PERF-1940,PERF1940,Manchester,FAM,CFT,THEFT,Civil,High,FAM,FAM,55,FAM,30,Online Streaming,TRUE,Team A
PERF1941,PERF-1941,PERF1941,Manchester,FAM,CFT,THEFT,Civil,High,FAM,FAM,55,FAM,30,Online Streaming,TRUE,Team A
PERF1942,PERF-1942,PERF1942,Manchester,FAM,CFT,THEFT,Civil,High,FAM,FAM,55,FAM,30,Online Streaming,TRUE,Team A
PERF1943,PERF-1943,PERF1943,Manchester,FAM,CFT,THEFT,Civil,High,FAM,FAM,55,FAM,30,Online Streaming,TRUE,Team A
PERF1944,PERF-1944,PERF1944,Manchester,FAM,CFT,THEFT,Civil,High,FAM,FAM,55,FAM,30,Online Streaming,TRUE,Team A
PERF1945,PERF-1945,PERF1945,Manchester,FAM,CFT,THEFT,Civil,High,FAM,FAM,55,FAM,30,Online Streaming,TRUE,Team A
PERF1946,PERF-1946,PERF1946,Manchester,FAM,CFT,THEFT,Civil,High,FAM,FAM,55,FAM,30,Online Streaming,TRUE,Team A
PERF1947,PERF-1947,PERF1947,Manchester,FAM,CFT,THEFT,Civil,High,FAM,FAM,55,FAM,30,Online Streaming,TRUE,Team A
PERF1948,PERF-1948,PERF1948,Manchester,FAM,CFT,THEFT,Civil,High,FAM,FAM,55,FAM,30,Online Streaming,TRUE,Team A
PERF1949,PERF-1949,PERF1949,Manchester,FAM,CFT,THEFT,Civil,High,FAM,FAM,55,FAM,30,Online Streaming,TRUE,Team A
PERF1950,PERF-1950,PERF1950,Manchester,FAM,CFT,THEFT,Civil,High,FAM,FAM,55,FAM,30,Online Streaming,TRUE,Team A
PERF1951,PERF-1951,PERF1951,Manchester,FAM,CFT,THEFT,Civil,High,FAM,FAM,55,FAM,30,Online Streaming,TRUE,Team A
PERF1952,PERF-1952,PERF1952,Manchester,FAM,CFT,THEFT,Civil,High,FAM,FAM,55,FAM,30,Online Streaming,TRUE,Team A
PERF1953,PERF-1953,PERF1953,Manchester,FAM,CFT,THEFT,Civil,High,FAM,FAM,55,FAM,30,Online Streaming,TRUE,Team A
PERF1954,PERF-1954,PERF1954,Manchester,FAM,CFT,THEFT,Civil,High,FAM,FAM,55,FAM,30,Online Streaming,TRUE,Team A
PERF1955,PERF-1955,PERF1955,Manchester,FAM,CFT,THEFT,Civil,High,FAM,FAM,55,FAM,30,Online Streaming,TRUE,Team A
PERF1956,PERF-1956,PERF1956,Manchester,FAM,CFT,THEFT,Civil,High,FAM,FAM,55,FAM,30,Online Streaming,TRUE,Team A
PERF1957,PERF-1957,PERF1957,Manchester,FAM,CFT,THEFT,Civil,High,FAM,FAM,55,FAM,30,Online Streaming,TRUE,Team A
PERF1958,PERF-1958,PERF1958,Manchester,FAM,CFT,THEFT,Civil,High,FAM,FAM,55,FAM,30,Online Streaming,TRUE,Team A
PERF1959,PERF-1959,PERF1959,Manchester,FAM,CFT,THEFT,Civil,High,FAM,FAM,55,FAM,30,Online Streaming,TRUE,Team A
PERF1960,PERF-1960,PERF1960,Manchester,FAM,CFT,THEFT,Civil,High,FAM,FAM,55,FAM,30,Online Streaming,TRUE,Team A
PERF1961,PERF-1961,PERF1961,Manchester,FAM,CFT,THEFT,Civil,High,FAM,FAM,55,FAM,30,Online Streaming,TRUE,Team A
PERF1962,PERF-1962,PERF1962,Manchester,FAM,CFT,THEFT,Civil,High,FAM,FAM,55,FAM,30,Online Streaming,TRUE,Team A
PERF1963,PERF-1963,PERF1963,Manchester,FAM,CFT,THEFT,Civil,High,FAM,FAM,55,FAM,30,Online Streaming,TRUE,Team A
PERF1964,PERF-1964,PERF1964,Manchester,FAM,CFT,THEFT,Civil,High,FAM,FAM,55,FAM,30,Online Streaming,TRUE,Team A
PERF1965,PERF-1965,PERF1965,Manchester,FAM,CFT,THEFT,Civil,High,FAM,FAM,55,FAM,30,Online Streaming,TRUE,Team A
PERF1966,PERF-1966,PERF1966,Manchester,FAM,CFT,THEFT,Civil,High,FAM,FAM,55,FAM,30,Online Streaming,TRUE,Team A
PERF1967,PERF-1967,PERF1967,Manchester,FAM,CFT,THEFT,Civil,High,FAM,FAM,55,FAM,30,Online Streaming,TRUE,Team A
PERF1968,PERF-1968,PERF1968,Manchester,FAM,CFT,THEFT,Civil,High,FAM,FAM,55,FAM,30,Online Streaming,TRUE,Team A
PERF1969,PERF-1969,PERF1969,Manchester,FAM,CFT,THEFT,Civil,High,FAM,FAM,55,FAM,30,Online Streaming,TRUE,Team A
PERF1970,PERF-1970,PERF1970,Manchester,FAM,CFT,THEFT,Civil,High,FAM,FAM,55,FAM,30,Online Streaming,TRUE,Team A
PERF1971,PERF-1971,PERF1971,Manchester,FAM,CFT,THEFT,Civil,High,FAM,FAM,55,FAM,30,Online Streaming,TRUE,Team A
PERF1972,PERF-1972,PERF1972,Manchester,FAM,CFT,THEFT,Civil,High,FAM,FAM,55,FAM,30,Online Streaming,TRUE,Team A
PERF1973,PERF-1973,PERF1973,Manchester,FAM,CFT,THEFT,Civil,High,FAM,FAM,55,FAM,30,Online Streaming,TRUE,Team A
PERF1974,PERF-1974,PERF1974,Manchester,FAM,CFT,THEFT,Civil,High,FAM,FAM,55,FAM,30,Online Streaming,TRUE,Team A
PERF1975,PERF-1975,PERF1975,Manchester,FAM,CFT,THEFT,Civil,High,FAM,FAM,55,FAM,30,Online Streaming,TRUE,Team A
PERF1976,PERF-1976,PERF1976,Manchester,FAM,CFT,THEFT,Civil,High,FAM,FAM,55,FAM,30,Online Streaming,TRUE,Team A
PERF1977,PERF-1977,PERF1977,Manchester,FAM,CFT,THEFT,Civil,High,FAM,FAM,55,FAM,30,Online Streaming,TRUE,Team A
PERF1978,PERF-1978,PERF1978,Manchester,FAM,CFT,THEFT,Civil,High,FAM,FAM,55,FAM,30,Online Streaming,TRUE,Team A
PERF1979,PERF-1979,PERF1979,Manchester,FAM,CFT,THEFT,Civil,High,FAM,FAM,55,FAM,30,Online Streaming,TRUE,Team A
PERF1980,PERF-1980,PERF1980,Manchester,FAM,CFT,THEFT,Civil,High,FAM,FAM,55,FAM,30,Online Streaming,TRUE,Team A
PERF1981,PERF-1981,PERF1981,Manchester,FAM,CFT,THEFT,Civil,High,FAM,FAM,55,FAM,30,Online Streaming,TRUE,Team A
PERF1982,PERF-1982,PERF1982,Manchester,FAM,CFT,THEFT,Civil,High,FAM,FAM,55,FAM,30,Online Streaming,TRUE,Team A
PERF1983,PERF-1983,PERF1983,Manchester,FAM,CFT,THEFT,Civil,High,FAM,FAM,55,FAM,30,Online Streaming,TRUE,Team A
PERF1984,PERF-1984,PERF1984,Manchester,FAM,CFT,THEFT,Civil,High,FAM,FAM,55,FAM,30,Online Streaming,TRUE,Team A
PERF1985,PERF-1985,PERF1985,Manchester,FAM,CFT,THEFT,Civil,High,FAM,FAM,55,FAM,30,Online Streaming,TRUE,Team A
PERF1986,PERF-1986,PERF1986,Manchester,FAM,CFT,THEFT,Civil,High,FAM,FAM,55,FAM,30,Online Streaming,TRUE,Team A
PERF1987,PERF-1987,PERF1987,Manchester,FAM,CFT,THEFT,Civil,High,FAM,FAM,55,FAM,30,Online Streaming,TRUE,Team A
PERF1988,PERF-1988,PERF1988,Manchester,FAM,CFT,THEFT,Civil,High,FAM,FAM,55,FAM,30,Online Streaming,TRUE,Team A
PERF1989,PERF-1989,PERF1989,Manchester,FAM,CFT,THEFT,Civil,High,FAM,FAM,55,FAM,30,Online Streaming,TRUE,Team A
PERF1990,PERF-1990,PERF1990,Manchester,FAM,CFT,THEFT,Civil,High,FAM,FAM,55,FAM,30,Online Streaming,TRUE,Team A
PERF1991,PERF-1991,PERF1991,Manchester,FAM,CFT,THEFT,Civil,High,FAM,FAM,55,FAM,30,Online Streaming,TRUE,Team A
PERF1992,PERF-1992,PERF1992,Manchester,FAM,CFT,THEFT,Civil,High,FAM,FAM,55,FAM,30,Online Streaming,TRUE,Team A
PERF1993,PERF-1993,PERF1993,Manchester,FAM,CFT,THEFT,Civil,High,FAM,FAM,55,FAM,30,Online Streaming,TRUE,Team A
PERF1994,PERF-1994,PERF1994,Manchester,FAM,CFT,THEFT,Civil,High,FAM,FAM,55,FAM,30,Online Streaming,TRUE,Team A
PERF1995,PERF-1995,PERF1995,Manchester,FAM,CFT,THEFT,Civil,High,FAM,FAM,55,FAM,30,Online Streaming,TRUE,Team A
PERF1996,PERF-1996,PERF1996,Manchester,FAM,CFT,THEFT,Civil,High,FAM,FAM,55,FAM,30,Online Streaming,TRUE,Team A
PERF1997,PERF-1997,PERF1997,Manchester,FAM,CFT,THEFT,Civil,High,FAM,FAM,55,FAM,30,Online Streaming,TRUE,Team A
PERF1998,PERF-1998,PERF1998,Manchester,FAM,CFT,THEFT,Civil,High,FAM,FAM,55,FAM,30,Online Streaming,TRUE,Team A
PERF1999,PERF-1999,PERF1999,Manchester,FAM,CFT,THEFT,Civil,High,FAM,FAM,55,FAM,30,Online Streaming,TRUE,Team A
PERF2000,PERF-2000,PERF2000,Manchester,FAM,CFT,THEFT,Civil,High,FAM,FAM,55,FAM,30,Online Streaming,TRUE,Team A
PERF2001,PERF-2001,PERF2001,Manchester,FAM,CFT,THEFT,Civil,High,FAM,FAM,55,FAM,30,Online Streaming,TRUE,Team A
PERF2002,PERF-2002,PERF2002,Manchester,FAM,CFT,THEFT,Civil,High,FAM,FAM,55,FAM,30,Online Streaming,TRUE,Team A
PERF2003,PERF-2003,PERF2003,Manchester,FAM,CFT,THEFT,Civil,High,FAM,FAM,55,FAM,30,Online Streaming,TRUE,Team A
PERF2004,PERF-2004,PERF2004,Manchester,FAM,CFT,THEFT,Civil,High,FAM,FAM,55,FAM,30,Online Streaming,TRUE,Team A
PERF2005,PERF-2005,PERF2005,Manchester,FAM,CFT,THEFT,Civil,High,FAM,FAM,55,FAM,30,Online Streaming,TRUE,Team A
PERF2006,PERF-2006,PERF2006,Manchester,FAM,CFT,THEFT,Civil,High,FAM,FAM,55,FAM,30,Online Streaming,TRUE,Team A
PERF2007,PERF-2007,PERF2007,Manchester,FAM,CFT,THEFT,Civil,High,FAM,FAM,55,FAM,30,Online Streaming,TRUE,Team A
PERF2008,PERF-2008,PERF2008,Manchester,FAM,CFT,THEFT,Civil,High,FAM,FAM,55,FAM,30,Online Streaming,TRUE,Team A
PERF2009,PERF-2009,PERF2009,Manchester,FAM,CFT,THEFT,Civil,High,FAM,FAM,55,FAM,30,Online Streaming,TRUE,Team A
PERF2010,PERF-2010,PERF2010,Manchester,FAM,CFT,THEFT,Civil,High,FAM,FAM,55,FAM,30,Online Streaming,TRUE,Team A
PERF2011,PERF-2011,PERF2011,Manchester,FAM,CFT,THEFT,Civil,High,FAM,FAM,55,FAM,30,Online Streaming,TRUE,Team A
PERF2012,PERF-2012,PERF2012,Manchester,FAM,CFT,THEFT,Civil,High,FAM,FAM,55,FAM,30,Online Streaming,TRUE,Team A
PERF2013,PERF-2013,PERF2013,Manchester,FAM,CFT,THEFT,Civil,High,FAM,FAM,55,FAM,30,Online Streaming,TRUE,Team A
PERF2014,PERF-2014,PERF2014,Manchester,FAM,CFT,THEFT,Civil,High,FAM,FAM,55,FAM,30,Online Streaming,TRUE,Team A
PERF2015,PERF-2015,PERF2015,Manchester,FAM,CFT,THEFT,Civil,High,FAM,FAM,55,FAM,30,Online Streaming,TRUE,Team A
PERF2016,PERF-2016,PERF2016,Manchester,FAM,CFT,THEFT,Civil,High,FAM,FAM,55,FAM,30,Online Streaming,TRUE,Team A
PERF2017,PERF-2017,PERF2017,Manchester,FAM,CFT,THEFT,Civil,High,FAM,FAM,55,FAM,30,Online Streaming,TRUE,Team A
PERF2018,PERF-2018,PERF2018,Manchester,FAM,CFT,THEFT,Civil,High,FAM,FAM,55,FAM,30,Online Streaming,TRUE,Team A
PERF2019,PERF-2019,PERF2019,Manchester,FAM,CFT,THEFT,Civil,High,FAM,FAM,55,FAM,30,Online Streaming,TRUE,Team A
PERF2020,PERF-2020,PERF2020,Manchester,FAM,CFT,THEFT,Civil,High,FAM,FAM,55,FAM,30,Online Streaming,TRUE,Team A
PERF2021,PERF-2021,PERF2021,Manchester,FAM,CFT,THEFT,Civil,High,FAM,FAM,55,FAM,30,Online Streaming,TRUE,Team A
PERF2022,PERF-2022,PERF2022,Manchester,FAM,CFT,THEFT,Civil,High,FAM,FAM,55,FAM,30,Online Streaming,TRUE,Team A
PERF2023,PERF-2023,PERF2023,Manchester,FAM,CFT,THEFT,Civil,High,FAM,FAM,55,FAM,30,Online Streaming,TRUE,Team A
PERF2024,PERF-2024,PERF2024,Manchester,FAM,CFT,THEFT,Civil,High,FAM,FAM,55,FAM,30,Online Streaming,TRUE,Team A
PERF2025,PERF-2025,PERF2025,Manchester,FAM,CFT,THEFT,Civil,High,FAM,FAM,55,FAM,30,Online Streaming,TRUE,Team A
PERF2026,PERF-2026,PERF2026,Manchester,FAM,CFT,THEFT,Civil,High,FAM,FAM,55,FAM,30,Online Streaming,TRUE,Team A
PERF2027,PERF-2027,PERF2027,Manchester,FAM,CFT,THEFT,Civil,High,FAM,FAM,55,FAM,30,Online Streaming,TRUE,Team A
PERF2028,PERF-2028,PERF2028,Manchester,FAM,CFT,THEFT,Civil,High,FAM,FAM,55,FAM,30,Online Streaming,TRUE,Team A
PERF2029,PERF-2029,PERF2029,Manchester,FAM,CFT,THEFT,Civil,High,FAM,FAM,55,FAM,30,Online Streaming,TRUE,Team A
PERF2030,PERF-2030,PERF2030,Manchester,FAM,CFT,THEFT,Civil,High,FAM,FAM,55,FAM,30,Online Streaming,TRUE,Team A
PERF2031,PERF-2031,PERF2031,Manchester,FAM,CFT,THEFT,Civil,High,FAM,FAM,55,FAM,30,Online Streaming,TRUE,Team A
PERF2032,PERF-2032,PERF2032,Manchester,FAM,CFT,THEFT,Civil,High,FAM,FAM,55,FAM,30,Online Streaming,TRUE,Team A
PERF2033,PERF-2033,PERF2033,Manchester,FAM,CFT,THEFT,Civil,High,FAM,FAM,55,FAM,30,Online Streaming,TRUE,Team A
PERF2034,PERF-2034,PERF2034,Manchester,FAM,CFT,THEFT,Civil,High,FAM,FAM,55,FAM,30,Online Streaming,TRUE,Team A
PERF2035,PERF-2035,PERF2035,Manchester,FAM,CFT,THEFT,Civil,High,FAM,FAM,55,FAM,30,Online Streaming,TRUE,Team A
PERF2036,PERF-2036,PERF2036,Manchester,FAM,CFT,THEFT,Civil,High,FAM,FAM,55,FAM,30,Online Streaming,TRUE,Team A
PERF2037,PERF-2037,PERF2037,Manchester,FAM,CFT,THEFT,Civil,High,FAM,FAM,55,FAM,30,Online Streaming,TRUE,Team A
PERF2038,PERF-2038,PERF2038,Manchester,FAM,CFT,THEFT,Civil,High,FAM,FAM,55,FAM,30,Online Streaming,TRUE,Team A
PERF2039,PERF-2039,PERF2039,Manchester,FAM,CFT,THEFT,Civil,High,FAM,FAM,55,FAM,30,Online Streaming,TRUE,Team A
PERF2040,PERF-2040,PERF2040,Manchester,FAM,CFT,THEFT,Civil,High,FAM,FAM,55,FAM,30,Online Streaming,TRUE,Team A
PERF2041,PERF-2041,PERF2041,Manchester,FAM,CFT,THEFT,Civil,High,FAM,FAM,55,FAM,30,Online Streaming,TRUE,Team A
PERF2042,PERF-2042,PERF2042,Manchester,FAM,CFT,THEFT,Civil,High,FAM,FAM,55,FAM,30,Online Streaming,TRUE,Team A
PERF2043,PERF-2043,PERF2043,Manchester,FAM,CFT,THEFT,Civil,High,FAM,FAM,55,FAM,30,Online Streaming,TRUE,Team A
PERF2044,PERF-2044,PERF2044,Manchester,FAM,CFT,THEFT,Civil,High,FAM,FAM,55,FAM,30,Online Streaming,TRUE,Team A
PERF2045,PERF-2045,PERF2045,Manchester,FAM,CFT,THEFT,Civil,High,FAM,FAM,55,FAM,30,Online Streaming,TRUE,Team A
PERF2046,PERF-2046,PERF2046,Manchester,FAM,CFT,THEFT,Civil,High,FAM,FAM,55,FAM,30,Online Streaming,TRUE,Team A
PERF2047,PERF-2047,PERF2047,Manchester,FAM,CFT,THEFT,Civil,High,FAM,FAM,55,FAM,30,Online Streaming,TRUE,Team A
PERF2048,PERF-2048,PERF2048,Manchester,FAM,CFT,THEFT,Civil,High,FAM,FAM,55,FAM,30,Online Streaming,TRUE,Team A
PERF2049,PERF-2049,PERF2049,Manchester,FAM,CFT,THEFT,Civil,High,FAM,FAM,55,FAM,30,Online Streaming,TRUE,Team A
PERF2050,PERF-2050,PERF2050,Manchester,FAM,CFT,THEFT,Civil,High,FAM,FAM,55,FAM,30,Online Streaming,TRUE,Team A
PERF2051,PERF-2051,PERF2051,Manchester,FAM,CFT,THEFT,Civil,High,FAM,FAM,55,FAM,30,Online Streaming,TRUE,Team A
PERF2052,PERF-2052,PERF2052,Manchester,FAM,CFT,THEFT,Civil,High,FAM,FAM,55,FAM,30,Online Streaming,TRUE,Team A
PERF2053,PERF-2053,PERF2053,Manchester,FAM,CFT,THEFT,Civil,High,FAM,FAM,55,FAM,30,Online Streaming,TRUE,Team A
PERF2054,PERF-2054,PERF2054,Manchester,FAM,CFT,THEFT,Civil,High,FAM,FAM,55,FAM,30,Online Streaming,TRUE,Team A
PERF2055,PERF-2055,PERF2055,Manchester,FAM,CFT,THEFT,Civil,High,FAM,FAM,55,FAM,30,Online Streaming,TRUE,Team A
PERF2056,PERF-2056,PERF2056,Manchester,FAM,CFT,THEFT,Civil,High,FAM,FAM,55,FAM,30,Online Streaming,TRUE,Team A
PERF2057,PERF-2057,PERF2057,Manchester,FAM,CFT,THEFT,Civil,High,FAM,FAM,55,FAM,30,Online Streaming,TRUE,Team A
PERF2058,PERF-2058,PERF2058,Manchester,FAM,CFT,THEFT,Civil,High,FAM,FAM,55,FAM,30,Online Streaming,TRUE,Team A
PERF2059,PERF-2059,PERF2059,Manchester,FAM,CFT,THEFT,Civil,High,FAM,FAM,55,FAM,30,Online Streaming,TRUE,Team A
PERF2060,PERF-2060,PERF2060,Manchester,FAM,CFT,THEFT,Civil,High,FAM,FAM,55,FAM,30,Online Streaming,TRUE,Team A
PERF2061,PERF-2061,PERF2061,Manchester,FAM,CFT,THEFT,Civil,High,FAM,FAM,55,FAM,30,Online Streaming,TRUE,Team A
PERF2062,PERF-2062,PERF2062,Manchester,FAM,CFT,THEFT,Civil,High,FAM,FAM,55,FAM,30,Online Streaming,TRUE,Team A
PERF2063,PERF-2063,PERF2063,Manchester,FAM,CFT,THEFT,Civil,High,FAM,FAM,55,FAM,30,Online Streaming,TRUE,Team A
PERF2064,PERF-2064,PERF2064,Manchester,FAM,CFT,THEFT,Civil,High,FAM,FAM,55,FAM,30,Online Streaming,TRUE,Team A
PERF2065,PERF-2065,PERF2065,Manchester,FAM,CFT,THEFT,Civil,High,FAM,FAM,55,FAM,30,Online Streaming,TRUE,Team A
PERF2066,PERF-2066,PERF2066,Manchester,FAM,CFT,THEFT,Civil,High,FAM,FAM,55,FAM,30,Online Streaming,TRUE,Team A
PERF2067,PERF-2067,PERF2067,Manchester,FAM,CFT,THEFT,Civil,High,FAM,FAM,55,FAM,30,Online Streaming,TRUE,Team A
PERF2068,PERF-2068,PERF2068,Manchester,FAM,CFT,THEFT,Civil,High,FAM,FAM,55,FAM,30,Online Streaming,TRUE,Team A
PERF2069,PERF-2069,PERF2069,Manchester,FAM,CFT,THEFT,Civil,High,FAM,FAM,55,FAM,30,Online Streaming,TRUE,Team A
PERF2070,PERF-2070,PERF2070,Manchester,FAM,CFT,THEFT,Civil,High,FAM,FAM,55,FAM,30,Online Streaming,TRUE,Team A
PERF2071,PERF-2071,PERF2071,Manchester,FAM,CFT,THEFT,Civil,High,FAM,FAM,55,FAM,30,Online Streaming,TRUE,Team A
PERF2072,PERF-2072,PERF2072,Manchester,FAM,CFT,THEFT,Civil,High,FAM,FAM,55,FAM,30,Online Streaming,TRUE,Team A
PERF2073,PERF-2073,PERF2073,Manchester,FAM,CFT,THEFT,Civil,High,FAM,FAM,55,FAM,30,Online Streaming,TRUE,Team A
PERF2074,PERF-2074,PERF2074,Manchester,FAM,CFT,THEFT,Civil,High,FAM,FAM,55,FAM,30,Online Streaming,TRUE,Team A
PERF2075,PERF-2075,PERF2075,Manchester,FAM,CFT,THEFT,Civil,High,FAM,FAM,55,FAM,30,Online Streaming,TRUE,Team A
PERF2076,PERF-2076,PERF2076,Manchester,FAM,CFT,THEFT,Civil,High,FAM,FAM,55,FAM,30,Online Streaming,TRUE,Team A
PERF2077,PERF-2077,PERF2077,Manchester,FAM,CFT,THEFT,Civil,High,FAM,FAM,55,FAM,30,Online Streaming,TRUE,Team A
PERF2078,PERF-2078,PERF2078,Manchester,FAM,CFT,THEFT,Civil,High,FAM,FAM,55,FAM,30,Online Streaming,TRUE,Team A
PERF2079,PERF-2079,PERF2079,Manchester,FAM,CFT,THEFT,Civil,High,FAM,FAM,55,FAM,30,Online Streaming,TRUE,Team A
PERF2080,PERF-2080,PERF2080,Manchester,FAM,CFT,THEFT,Civil,High,FAM,FAM,55,FAM,30,Online Streaming,TRUE,Team A
PERF2081,PERF-2081,PERF2081,Manchester,FAM,CFT,THEFT,Civil,High,FAM,FAM,55,FAM,30,Online Streaming,TRUE,Team A
PERF2082,PERF-2082,PERF2082,Manchester,FAM,CFT,THEFT,Civil,High,FAM,FAM,55,FAM,30,Online Streaming,TRUE,Team A
PERF2083,PERF-2083,PERF2083,Manchester,FAM,CFT,THEFT,Civil,High,FAM,FAM,55,FAM,30,Online Streaming,TRUE,Team A
PERF2084,PERF-2084,PERF2084,Manchester,FAM,CFT,THEFT,Civil,High,FAM,FAM,55,FAM,30,Online Streaming,TRUE,Team A
PERF2085,PERF-2085,PERF2085,Manchester,FAM,CFT,THEFT,Civil,High,FAM,FAM,55,FAM,30,Online Streaming,TRUE,Team A
PERF2086,PERF-2086,PERF2086,Manchester,FAM,CFT,THEFT,Civil,High,FAM,FAM,55,FAM,30,Online Streaming,TRUE,Team A
PERF2087,PERF-2087,PERF2087,Manchester,FAM,CFT,THEFT,Civil,High,FAM,FAM,55,FAM,30,Online Streaming,TRUE,Team A
PERF2088,PERF-2088,PERF2088,Manchester,FAM,CFT,THEFT,Civil,High,FAM,FAM,55,FAM,30,Online Streaming,TRUE,Team A
PERF2089,PERF-2089,PERF2089,Manchester,FAM,CFT,THEFT,Civil,High,FAM,FAM,55,FAM,30,Online Streaming,TRUE,Team A
PERF2090,PERF-2090,PERF2090,Manchester,FAM,CFT,THEFT,Civil,High,FAM,FAM,55,FAM,30,Online Streaming,TRUE,Team A
PERF2091,PERF-2091,PERF2091,Manchester,FAM,CFT,THEFT,Civil,High,FAM,FAM,55,FAM,30,Online Streaming,TRUE,Team A
PERF2092,PERF-2092,PERF2092,Manchester,FAM,CFT,THEFT,Civil,High,FAM,FAM,55,FAM,30,Online Streaming,TRUE,Team A
PERF2093,PERF-2093,PERF2093,Manchester,FAM,CFT,THEFT,Civil,High,FAM,FAM,55,FAM,30,Online Streaming,TRUE,Team A
PERF2094,PERF-2094,PERF2094,Manchester,FAM,CFT,THEFT,Civil,High,FAM,FAM,55,FAM,30,Online Streaming,TRUE,Team A
PERF2095,PERF-2095,PERF2095,Manchester,FAM,CFT,THEFT,Civil,High,FAM,FAM,55,FAM,30,Online Streaming,TRUE,Team A
PERF2096,PERF-2096,PERF2096,Manchester,FAM,CFT,THEFT,Civil,High,FAM,FAM,55,FAM,30,Online Streaming,TRUE,Team A
PERF2097,PERF-2097,PERF2097,Manchester,FAM,CFT,THEFT,Civil,High,FAM,FAM,55,FAM,30,Online Streaming,TRUE,Team A
PERF2098,PERF-2098,PERF2098,Manchester,FAM,CFT,THEFT,Civil,High,FAM,FAM,55,FAM,30,Online Streaming,TRUE,Team A
PERF2099,PERF-2099,PERF2099,Manchester,FAM,CFT,THEFT,Civil,High,FAM,FAM,55,FAM,30,Online Streaming,TRUE,Team A
PERF2100,PERF-2100,PERF2100,Manchester,FAM,CFT,THEFT,Civil,High,FAM,FAM,55,FAM,30,Online Streaming,TRUE,Team A
PERF2101,PERF-2101,PERF2101,Manchester,FAM,CFT,THEFT,Civil,High,FAM,FAM,55,FAM,30,Online Streaming,TRUE,Team A
PERF2102,PERF-2102,PERF2102,Manchester,FAM,CFT,THEFT,Civil,High,FAM,FAM,55,FAM,30,Online Streaming,TRUE,Team A
PERF2103,PERF-2103,PERF2103,Manchester,FAM,CFT,THEFT,Civil,High,FAM,FAM,55,FAM,30,Online Streaming,TRUE,Team A
PERF2104,PERF-2104,PERF2104,Manchester,FAM,CFT,THEFT,Civil,High,FAM,FAM,55,FAM,30,Online Streaming,TRUE,Team A
PERF2105,PERF-2105,PERF2105,Manchester,FAM,CFT,THEFT,Civil,High,FAM,FAM,55,FAM,30,Online Streaming,TRUE,Team A
PERF2106,PERF-2106,PERF2106,Manchester,FAM,CFT,THEFT,Civil,High,FAM,FAM,55,FAM,30,Online Streaming,TRUE,Team A
PERF2107,PERF-2107,PERF2107,Manchester,FAM,CFT,THEFT,Civil,High,FAM,FAM,55,FAM,30,Online Streaming,TRUE,Team A
PERF2108,PERF-2108,PERF2108,Manchester,FAM,CFT,THEFT,Civil,High,FAM,FAM,55,FAM,30,Online Streaming,TRUE,Team A
PERF2109,PERF-2109,PERF2109,Manchester,FAM,CFT,THEFT,Civil,High,FAM,FAM,55,FAM,30,Online Streaming,TRUE,Team A
PERF2110,PERF-2110,PERF2110,Manchester,FAM,CFT,THEFT,Civil,High,FAM,FAM,55,FAM,30,Online Streaming,TRUE,Team A
PERF2111,PERF-2111,PERF2111,Manchester,FAM,CFT,THEFT,Civil,High,FAM,FAM,55,FAM,30,Online Streaming,TRUE,Team A
PERF2112,PERF-2112,PERF2112,Manchester,FAM,CFT,THEFT,Civil,High,FAM,FAM,55,FAM,30,Online Streaming,TRUE,Team A
PERF2113,PERF-2113,PERF2113,Manchester,FAM,CFT,THEFT,Civil,High,FAM,FAM,55,FAM,30,Online Streaming,TRUE,Team A
PERF2114,PERF-2114,PERF2114,Manchester,FAM,CFT,THEFT,Civil,High,FAM,FAM,55,FAM,30,Online Streaming,TRUE,Team A
PERF2115,PERF-2115,PERF2115,Manchester,FAM,CFT,THEFT,Civil,High,FAM,FAM,55,FAM,30,Online Streaming,TRUE,Team A
PERF2116,PERF-2116,PERF2116,Manchester,FAM,CFT,THEFT,Civil,High,FAM,FAM,55,FAM,30,Online Streaming,TRUE,Team A
PERF2117,PERF-2117,PERF2117,Manchester,FAM,CFT,THEFT,Civil,High,FAM,FAM,55,FAM,30,Online Streaming,TRUE,Team A
PERF2118,PERF-2118,PERF2118,Manchester,FAM,CFT,THEFT,Civil,High,FAM,FAM,55,FAM,30,Online Streaming,TRUE,Team A
PERF2119,PERF-2119,PERF2119,Manchester,FAM,CFT,THEFT,Civil,High,FAM,FAM,55,FAM,30,Online Streaming,TRUE,Team A
PERF2120,PERF-2120,PERF2120,Manchester,FAM,CFT,THEFT,Civil,High,FAM,FAM,55,FAM,30,Online Streaming,TRUE,Team A
PERF2121,PERF-2121,PERF2121,Manchester,FAM,CFT,THEFT,Civil,High,FAM,FAM,55,FAM,30,Online Streaming,TRUE,Team A
PERF2122,PERF-2122,PERF2122,Manchester,FAM,CFT,THEFT,Civil,High,FAM,FAM,55,FAM,30,Online Streaming,TRUE,Team A
PERF2123,PERF-2123,PERF2123,Manchester,FAM,CFT,THEFT,Civil,High,FAM,FAM,55,FAM,30,Online Streaming,TRUE,Team A
PERF2124,PERF-2124,PERF2124,Manchester,FAM,CFT,THEFT,Civil,High,FAM,FAM,55,FAM,30,Online Streaming,TRUE,Team A
PERF2125,PERF-2125,PERF2125,Manchester,FAM,CFT,THEFT,Civil,High,FAM,FAM,55,FAM,30,Online Streaming,TRUE,Team A
PERF2126,PERF-2126,PERF2126,Manchester,FAM,CFT,THEFT,Civil,High,FAM,FAM,55,FAM,30,Online Streaming,TRUE,Team A
PERF2127,PERF-2127,PERF2127,Manchester,FAM,CFT,THEFT,Civil,High,FAM,FAM,55,FAM,30,Online Streaming,TRUE,Team A
PERF2128,PERF-2128,PERF2128,Manchester,FAM,CFT,THEFT,Civil,High,FAM,FAM,55,FAM,30,Online Streaming,TRUE,Team A
PERF2129,PERF-2129,PERF2129,Manchester,FAM,CFT,THEFT,Civil,High,FAM,FAM,55,FAM,30,Online Streaming,TRUE,Team A
PERF2130,PERF-2130,PERF2130,Manchester,FAM,CFT,THEFT,Civil,High,FAM,FAM,55,FAM,30,Online Streaming,TRUE,Team A
PERF2131,PERF-2131,PERF2131,Manchester,FAM,CFT,THEFT,Civil,High,FAM,FAM,55,FAM,30,Online Streaming,TRUE,Team A
PERF2132,PERF-2132,PERF2132,Manchester,FAM,CFT,THEFT,Civil,High,FAM,FAM,55,FAM,30,Online Streaming,TRUE,Team A
PERF2133,PERF-2133,PERF2133,Manchester,FAM,CFT,THEFT,Civil,High,FAM,FAM,55,FAM,30,Online Streaming,TRUE,Team A
PERF2134,PERF-2134,PERF2134,Manchester,FAM,CFT,THEFT,Civil,High,FAM,FAM,55,FAM,30,Online Streaming,TRUE,Team A
PERF2135,PERF-2135,PERF2135,Manchester,FAM,CFT,THEFT,Civil,High,FAM,FAM,55,FAM,30,Online Streaming,TRUE,Team A
PERF2136,PERF-2136,PERF2136,Manchester,FAM,CFT,THEFT,Civil,High,FAM,FAM,55,FAM,30,Online Streaming,TRUE,Team A
PERF2137,PERF-2137,PERF2137,Manchester,FAM,CFT,THEFT,Civil,High,FAM,FAM,55,FAM,30,Online Streaming,TRUE,Team A
PERF2138,PERF-2138,PERF2138,Manchester,FAM,CFT,THEFT,Civil,High,FAM,FAM,55,FAM,30,Online Streaming,TRUE,Team A
PERF2139,PERF-2139,PERF2139,Manchester,FAM,CFT,THEFT,Civil,High,FAM,FAM,55,FAM,30,Online Streaming,TRUE,Team A
PERF2140,PERF-2140,PERF2140,Manchester,FAM,CFT,THEFT,Civil,High,FAM,FAM,55,FAM,30,Online Streaming,TRUE,Team A
PERF2141,PERF-2141,PERF2141,Manchester,FAM,CFT,THEFT,Civil,High,FAM,FAM,55,FAM,30,Online Streaming,TRUE,Team A
PERF2142,PERF-2142,PERF2142,Manchester,FAM,CFT,THEFT,Civil,High,FAM,FAM,55,FAM,30,Online Streaming,TRUE,Team A
PERF2143,PERF-2143,PERF2143,Manchester,FAM,CFT,THEFT,Civil,High,FAM,FAM,55,FAM,30,Online Streaming,TRUE,Team A
PERF2144,PERF-2144,PERF2144,Manchester,FAM,CFT,THEFT,Civil,High,FAM,FAM,55,FAM,30,Online Streaming,TRUE,Team A
PERF2145,PERF-2145,PERF2145,Manchester,FAM,CFT,THEFT,Civil,High,FAM,FAM,55,FAM,30,Online Streaming,TRUE,Team A
PERF2146,PERF-2146,PERF2146,Manchester,FAM,CFT,THEFT,Civil,High,FAM,FAM,55,FAM,30,Online Streaming,TRUE,Team A
PERF2147,PERF-2147,PERF2147,Manchester,FAM,CFT,THEFT,Civil,High,FAM,FAM,55,FAM,30,Online Streaming,TRUE,Team A
PERF2148,PERF-2148,PERF2148,Manchester,FAM,CFT,THEFT,Civil,High,FAM,FAM,55,FAM,30,Online Streaming,TRUE,Team A
PERF2149,PERF-2149,PERF2149,Manchester,FAM,CFT,THEFT,Civil,High,FAM,FAM,55,FAM,30,Online Streaming,TRUE,Team A
PERF2150,PERF-2150,PERF2150,Manchester,FAM,CFT,THEFT,Civil,High,FAM,FAM,55,FAM,30,Online Streaming,TRUE,Team A
PERF2151,PERF-2151,PERF2151,Manchester,FAM,CFT,THEFT,Civil,High,FAM,FAM,55,FAM,30,Online Streaming,TRUE,Team A
PERF2152,PERF-2152,PERF2152,Manchester,FAM,CFT,THEFT,Civil,High,FAM,FAM,55,FAM,30,Online Streaming,TRUE,Team A
PERF2153,PERF-2153,PERF2153,Manchester,FAM,CFT,THEFT,Civil,High,FAM,FAM,55,FAM,30,Online Streaming,TRUE,Team A
PERF2154,PERF-2154,PERF2154,Manchester,FAM,CFT,THEFT,Civil,High,FAM,FAM,55,FAM,30,Online Streaming,TRUE,Team A
PERF2155,PERF-2155,PERF2155,Manchester,FAM,CFT,THEFT,Civil,High,FAM,FAM,55,FAM,30,Online Streaming,TRUE,Team A
PERF2156,PERF-2156,PERF2156,Manchester,FAM,CFT,THEFT,Civil,High,FAM,FAM,55,FAM,30,Online Streaming,TRUE,Team A
PERF2157,PERF-2157,PERF2157,Manchester,FAM,CFT,THEFT,Civil,High,FAM,FAM,55,FAM,30,Online Streaming,TRUE,Team A
PERF2158,PERF-2158,PERF2158,Manchester,FAM,CFT,THEFT,Civil,High,FAM,FAM,55,FAM,30,Online Streaming,TRUE,Team A
PERF2159,PERF-2159,PERF2159,Manchester,FAM,CFT,THEFT,Civil,High,FAM,FAM,55,FAM,30,Online Streaming,TRUE,Team A
PERF2160,PERF-2160,PERF2160,Manchester,FAM,CFT,THEFT,Civil,High,FAM,FAM,55,FAM,30,Online Streaming,TRUE,Team A
PERF2161,PERF-2161,PERF2161,Manchester,FAM,CFT,THEFT,Civil,High,FAM,FAM,55,FAM,30,Online Streaming,TRUE,Team A
PERF2162,PERF-2162,PERF2162,Manchester,FAM,CFT,THEFT,Civil,High,FAM,FAM,55,FAM,30,Online Streaming,TRUE,Team A
PERF2163,PERF-2163,PERF2163,Manchester,FAM,CFT,THEFT,Civil,High,FAM,FAM,55,FAM,30,Online Streaming,TRUE,Team A
PERF2164,PERF-2164,PERF2164,Manchester,FAM,CFT,THEFT,Civil,High,FAM,FAM,55,FAM,30,Online Streaming,TRUE,Team A
PERF2165,PERF-2165,PERF2165,Manchester,FAM,CFT,THEFT,Civil,High,FAM,FAM,55,FAM,30,Online Streaming,TRUE,Team A
PERF2166,PERF-2166,PERF2166,Manchester,FAM,CFT,THEFT,Civil,High,FAM,FAM,55,FAM,30,Online Streaming,TRUE,Team A
PERF2167,PERF-2167,PERF2167,Manchester,FAM,CFT,THEFT,Civil,High,FAM,FAM,55,FAM,30,Online Streaming,TRUE,Team A
PERF2168,PERF-2168,PERF2168,Manchester,FAM,CFT,THEFT,Civil,High,FAM,FAM,55,FAM,30,Online Streaming,TRUE,Team A
PERF2169,PERF-2169,PERF2169,Manchester,FAM,CFT,THEFT,Civil,High,FAM,FAM,55,FAM,30,Online Streaming,TRUE,Team A
PERF2170,PERF-2170,PERF2170,Manchester,FAM,CFT,THEFT,Civil,High,FAM,FAM,55,FAM,30,Online Streaming,TRUE,Team A
PERF2171,PERF-2171,PERF2171,Manchester,FAM,CFT,THEFT,Civil,High,FAM,FAM,55,FAM,30,Online Streaming,TRUE,Team A
PERF2172,PERF-2172,PERF2172,Manchester,FAM,CFT,THEFT,Civil,High,FAM,FAM,55,FAM,30,Online Streaming,TRUE,Team A
PERF2173,PERF-2173,PERF2173,Manchester,FAM,CFT,THEFT,Civil,High,FAM,FAM,55,FAM,30,Online Streaming,TRUE,Team A
PERF2174,PERF-2174,PERF2174,Manchester,FAM,CFT,THEFT,Civil,High,FAM,FAM,55,FAM,30,Online Streaming,TRUE,Team A
PERF2175,PERF-2175,PERF2175,Manchester,FAM,CFT,THEFT,Civil,High,FAM,FAM,55,FAM,30,Online Streaming,TRUE,Team A
PERF2176,PERF-2176,PERF2176,Manchester,FAM,CFT,THEFT,Civil,High,FAM,FAM,55,FAM,30,Online Streaming,TRUE,Team A
PERF2177,PERF-2177,PERF2177,Manchester,FAM,CFT,THEFT,Civil,High,FAM,FAM,55,FAM,30,Online Streaming,TRUE,Team A
PERF2178,PERF-2178,PERF2178,Manchester,FAM,CFT,THEFT,Civil,High,FAM,FAM,55,FAM,30,Online Streaming,TRUE,Team A
PERF2179,PERF-2179,PERF2179,Manchester,FAM,CFT,THEFT,Civil,High,FAM,FAM,55,FAM,30,Online Streaming,TRUE,Team A
PERF2180,PERF-2180,PERF2180,Manchester,FAM,CFT,THEFT,Civil,High,FAM,FAM,55,FAM,30,Online Streaming,TRUE,Team A
PERF2181,PERF-2181,PERF2181,Manchester,FAM,CFT,THEFT,Civil,High,FAM,FAM,55,FAM,30,Online Streaming,TRUE,Team A
PERF2182,PERF-2182,PERF2182,Manchester,FAM,CFT,THEFT,Civil,High,FAM,FAM,55,FAM,30,Online Streaming,TRUE,Team A
PERF2183,PERF-2183,PERF2183,Manchester,FAM,CFT,THEFT,Civil,High,FAM,FAM,55,FAM,30,Online Streaming,TRUE,Team A
PERF2184,PERF-2184,PERF2184,Manchester,FAM,CFT,THEFT,Civil,High,FAM,FAM,55,FAM,30,Online Streaming,TRUE,Team A
PERF2185,PERF-2185,PERF2185,Manchester,FAM,CFT,THEFT,Civil,High,FAM,FAM,55,FAM,30,Online Streaming,TRUE,Team A
PERF2186,PERF-2186,PERF2186,Manchester,FAM,CFT,THEFT,Civil,High,FAM,FAM,55,FAM,30,Online Streaming,TRUE,Team A
PERF2187,PERF-2187,PERF2187,Manchester,FAM,CFT,THEFT,Civil,High,FAM,FAM,55,FAM,30,Online Streaming,TRUE,Team A
PERF2188,PERF-2188,PERF2188,Manchester,FAM,CFT,THEFT,Civil,High,FAM,FAM,55,FAM,30,Online Streaming,TRUE,Team A
PERF2189,PERF-2189,PERF2189,Manchester,FAM,CFT,THEFT,Civil,High,FAM,FAM,55,FAM,30,Online Streaming,TRUE,Team A
PERF2190,PERF-2190,PERF2190,Manchester,FAM,CFT,THEFT,Civil,High,FAM,FAM,55,FAM,30,Online Streaming,TRUE,Team A
PERF2191,PERF-2191,PERF2191,Manchester,FAM,CFT,THEFT,Civil,High,FAM,FAM,55,FAM,30,Online Streaming,TRUE,Team A
PERF2192,PERF-2192,PERF2192,Manchester,FAM,CFT,THEFT,Civil,High,FAM,FAM,55,FAM,30,Online Streaming,TRUE,Team A
PERF2193,PERF-2193,PERF2193,Manchester,FAM,CFT,THEFT,Civil,High,FAM,FAM,55,FAM,30,Online Streaming,TRUE,Team A
PERF2194,PERF-2194,PERF2194,Manchester,FAM,CFT,THEFT,Civil,High,FAM,FAM,55,FAM,30,Online Streaming,TRUE,Team A
PERF2195,PERF-2195,PERF2195,Manchester,FAM,CFT,THEFT,Civil,High,FAM,FAM,55,FAM,30,Online Streaming,TRUE,Team A
PERF2196,PERF-2196,PERF2196,Manchester,FAM,CFT,THEFT,Civil,High,FAM,FAM,55,FAM,30,Online Streaming,TRUE,Team A
PERF2197,PERF-2197,PERF2197,Manchester,FAM,CFT,THEFT,Civil,High,FAM,FAM,55,FAM,30,Online Streaming,TRUE,Team A
PERF2198,PERF-2198,PERF2198,Manchester,FAM,CFT,THEFT,Civil,High,FAM,FAM,55,FAM,30,Online Streaming,TRUE,Team A
PERF2199,PERF-2199,PERF2199,Manchester,FAM,CFT,THEFT,Civil,High,FAM,FAM,55,FAM,30,Online Streaming,TRUE,Team A
PERF2200,PERF-2200,PERF2200,Manchester,FAM,CFT,THEFT,Civil,High,FAM,FAM,55,FAM,30,Online Streaming,TRUE,Team A
PERF2201,PERF-2201,PERF2201,Manchester,FAM,CFT,THEFT,Civil,High,FAM,FAM,55,FAM,30,Online Streaming,TRUE,Team A
PERF2202,PERF-2202,PERF2202,Manchester,FAM,CFT,THEFT,Civil,High,FAM,FAM,55,FAM,30,Online Streaming,TRUE,Team A
PERF2203,PERF-2203,PERF2203,Manchester,FAM,CFT,THEFT,Civil,High,FAM,FAM,55,FAM,30,Online Streaming,TRUE,Team A
PERF2204,PERF-2204,PERF2204,Manchester,FAM,CFT,THEFT,Civil,High,FAM,FAM,55,FAM,30,Online Streaming,TRUE,Team A
PERF2205,PERF-2205,PERF2205,Manchester,FAM,CFT,THEFT,Civil,High,FAM,FAM,55,FAM,30,Online Streaming,TRUE,Team A
PERF2206,PERF-2206,PERF2206,Manchester,FAM,CFT,THEFT,Civil,High,FAM,FAM,55,FAM,30,Online Streaming,TRUE,Team A
PERF2207,PERF-2207,PERF2207,Manchester,FAM,CFT,THEFT,Civil,High,FAM,FAM,55,FAM,30,Online Streaming,TRUE,Team A
PERF2208,PERF-2208,PERF2208,Manchester,FAM,CFT,THEFT,Civil,High,FAM,FAM,55,FAM,30,Online Streaming,TRUE,Team A
PERF2209,PERF-2209,PERF2209,Manchester,FAM,CFT,THEFT,Civil,High,FAM,FAM,55,FAM,30,Online Streaming,TRUE,Team A
PERF2210,PERF-2210,PERF2210,Manchester,FAM,CFT,THEFT,Civil,High,FAM,FAM,55,FAM,30,Online Streaming,TRUE,Team A
PERF2211,PERF-2211,PERF2211,Manchester,FAM,CFT,THEFT,Civil,High,FAM,FAM,55,FAM,30,Online Streaming,TRUE,Team A
PERF2212,PERF-2212,PERF2212,Manchester,FAM,CFT,THEFT,Civil,High,FAM,FAM,55,FAM,30,Online Streaming,TRUE,Team A
PERF2213,PERF-2213,PERF2213,Manchester,FAM,CFT,THEFT,Civil,High,FAM,FAM,55,FAM,30,Online Streaming,TRUE,Team A
PERF2214,PERF-2214,PERF2214,Manchester,FAM,CFT,THEFT,Civil,High,FAM,FAM,55,FAM,30,Online Streaming,TRUE,Team A
PERF2215,PERF-2215,PERF2215,Manchester,FAM,CFT,THEFT,Civil,High,FAM,FAM,55,FAM,30,Online Streaming,TRUE,Team A
PERF2216,PERF-2216,PERF2216,Manchester,FAM,CFT,THEFT,Civil,High,FAM,FAM,55,FAM,30,Online Streaming,TRUE,Team A
PERF2217,PERF-2217,PERF2217,Manchester,FAM,CFT,THEFT,Civil,High,FAM,FAM,55,FAM,30,Online Streaming,TRUE,Team A
PERF2218,PERF-2218,PERF2218,Manchester,FAM,CFT,THEFT,Civil,High,FAM,FAM,55,FAM,30,Online Streaming,TRUE,Team A
PERF2219,PERF-2219,PERF2219,Manchester,FAM,CFT,THEFT,Civil,High,FAM,FAM,55,FAM,30,Online Streaming,TRUE,Team A
PERF2220,PERF-2220,PERF2220,Manchester,FAM,CFT,THEFT,Civil,High,FAM,FAM,55,FAM,30,Online Streaming,TRUE,Team A
PERF2221,PERF-2221,PERF2221,Manchester,FAM,CFT,THEFT,Civil,High,FAM,FAM,55,FAM,30,Online Streaming,TRUE,Team A
PERF2222,PERF-2222,PERF2222,Manchester,FAM,CFT,THEFT,Civil,High,FAM,FAM,55,FAM,30,Online Streaming,TRUE,Team A
PERF2223,PERF-2223,PERF2223,Manchester,FAM,CFT,THEFT,Civil,High,FAM,FAM,55,FAM,30,Online Streaming,TRUE,Team A
PERF2224,PERF-2224,PERF2224,Manchester,FAM,CFT,THEFT,Civil,High,FAM,FAM,55,FAM,30,Online Streaming,TRUE,Team A
PERF2225,PERF-2225,PERF2225,Manchester,FAM,CFT,THEFT,Civil,High,FAM,FAM,55,FAM,30,Online Streaming,TRUE,Team A
PERF2226,PERF-2226,PERF2226,Manchester,FAM,CFT,THEFT,Civil,High,FAM,FAM,55,FAM,30,Online Streaming,TRUE,Team A
PERF2227,PERF-2227,PERF2227,Manchester,FAM,CFT,THEFT,Civil,High,FAM,FAM,55,FAM,30,Online Streaming,TRUE,Team A
PERF2228,PERF-2228,PERF2228,Manchester,FAM,CFT,THEFT,Civil,High,FAM,FAM,55,FAM,30,Online Streaming,TRUE,Team A
PERF2229,PERF-2229,PERF2229,Manchester,FAM,CFT,THEFT,Civil,High,FAM,FAM,55,FAM,30,Online Streaming,TRUE,Team A
PERF2230,PERF-2230,PERF2230,Manchester,FAM,CFT,THEFT,Civil,High,FAM,FAM,55,FAM,30,Online Streaming,TRUE,Team A
PERF2231,PERF-2231,PERF2231,Manchester,FAM,CFT,THEFT,Civil,High,FAM,FAM,55,FAM,30,Online Streaming,TRUE,Team A
PERF2232,PERF-2232,PERF2232,Manchester,FAM,CFT,THEFT,Civil,High,FAM,FAM,55,FAM,30,Online Streaming,TRUE,Team A
PERF2233,PERF-2233,PERF2233,Manchester,FAM,CFT,THEFT,Civil,High,FAM,FAM,55,FAM,30,Online Streaming,TRUE,Team A
PERF2234,PERF-2234,PERF2234,Manchester,FAM,CFT,THEFT,Civil,High,FAM,FAM,55,FAM,30,Online Streaming,TRUE,Team A
PERF2235,PERF-2235,PERF2235,Manchester,FAM,CFT,THEFT,Civil,High,FAM,FAM,55,FAM,30,Online Streaming,TRUE,Team A
PERF2236,PERF-2236,PERF2236,Manchester,FAM,CFT,THEFT,Civil,High,FAM,FAM,55,FAM,30,Online Streaming,TRUE,Team A
PERF2237,PERF-2237,PERF2237,Manchester,FAM,CFT,THEFT,Civil,High,FAM,FAM,55,FAM,30,Online Streaming,TRUE,Team A
PERF2238,PERF-2238,PERF2238,Manchester,FAM,CFT,THEFT,Civil,High,FAM,FAM,55,FAM,30,Online Streaming,TRUE,Team A
PERF2239,PERF-2239,PERF2239,Manchester,FAM,CFT,THEFT,Civil,High,FAM,FAM,55,FAM,30,Online Streaming,TRUE,Team A
PERF2240,PERF-2240,PERF2240,Manchester,FAM,CFT,THEFT,Civil,High,FAM,FAM,55,FAM,30,Online Streaming,TRUE,Team A
PERF2241,PERF-2241,PERF2241,Manchester,FAM,CFT,THEFT,Civil,High,FAM,FAM,55,FAM,30,Online Streaming,TRUE,Team A
PERF2242,PERF-2242,PERF2242,Manchester,FAM,CFT,THEFT,Civil,High,FAM,FAM,55,FAM,30,Online Streaming,TRUE,Team A
PERF2243,PERF-2243,PERF2243,Manchester,FAM,CFT,THEFT,Civil,High,FAM,FAM,55,FAM,30,Online Streaming,TRUE,Team A
PERF2244,PERF-2244,PERF2244,Manchester,FAM,CFT,THEFT,Civil,High,FAM,FAM,55,FAM,30,Online Streaming,TRUE,Team A
PERF2245,PERF-2245,PERF2245,Manchester,FAM,CFT,THEFT,Civil,High,FAM,FAM,55,FAM,30,Online Streaming,TRUE,Team A
PERF2246,PERF-2246,PERF2246,Manchester,FAM,CFT,THEFT,Civil,High,FAM,FAM,55,FAM,30,Online Streaming,TRUE,Team A
PERF2247,PERF-2247,PERF2247,Manchester,FAM,CFT,THEFT,Civil,High,FAM,FAM,55,FAM,30,Online Streaming,TRUE,Team A
PERF2248,PERF-2248,PERF2248,Manchester,FAM,CFT,THEFT,Civil,High,FAM,FAM,55,FAM,30,Online Streaming,TRUE,Team A
PERF2249,PERF-2249,PERF2249,Manchester,FAM,CFT,THEFT,Civil,High,FAM,FAM,55,FAM,30,Online Streaming,TRUE,Team A
PERF2250,PERF-2250,PERF2250,Manchester,FAM,CFT,THEFT,Civil,High,FAM,FAM,55,FAM,30,Online Streaming,TRUE,Team A
